;,CEC Tilte 24 Compliance Ruleset - 2022 Standards,,,,,,,,,,,,,,,,,,,,,,,,,,,,,,,,,,,,,,,,,,,,,,,,,,,,,,,,,,,,,,,,,,,,,,,,,,,,,,,,,,,,,,,,,,,,,,,,,,,,,,,,,,,,,,,,,,,,,,,,,,,,,,,,,,,,,,,,,,,,,,,,,,,,,,,,,,,,,,,,,,,,,,,,,,,,,,,,,,,,,,,,,,,,,,,,,,,,,,,,,,,,,,,,,,,,,,,,,,,,,,,,,,,,,,,,,,,,,,,,,,,,,,,,,,,,,,,,,,,,,,,,,,,,,,,,,,,,,,,,,,,,,,,,,,,,,,,,,,,,,,,,,,,,,,,,,,,,,,,,,,,,,,,,,,,,,,,,,,,,,,,,,,,,,,,,,,,,,,,,,,,,,,,,,,,,,,,,,,,,,,,,,,,,,,,,,,,,,,,,,,,,,,,,,,,,,,,,,,,,,,,,,,,,,,,,,,,,,,,,,,,,,,,,,,,,,,,,,,,,,,,,,,,,,,,,,,,,,,,,,,,,,,,,,,,,,,,,,,,,,,,,,,,,,,,,,,,,,,,,,,,,,,,,,,,,,,,,,,,,,,,,,,,,,,,,,,,,,,,,,,,,,,,,,,,,,,,,,,,,,,,,,,,,,,,,,,,,,,,,,,,,,,,
;,Design Day Look-up Table ,,,,,,,,,,,,,,,,,,,,,,,,,,,,,,,,,,,,,,,,,,,,,,,,,,,,,,,,,,,,,,,,,,,,,,,,,,,,,,,,,,,,,,,,,,,,,,,,,,,,,,,,,,,,,,,,,,,,,,,,,,,,,,,,,,,,,,,,,,,,,,,,,,,,,,,,,,,,,,,,,,,,,,,,,,,,,,,,,,,,,,,,,,,,,,,,,,,,,,,,,,,,,,,,,,,,,,,,,,,,,,,,,,,,,,,,,,,,,,,,,,,,,,,,,,,,,,,,,,,,,,,,,,,,,,,,,,,,,,,,,,,,,,,,,,,,,,,,,,,,,,,,,,,,,,,,,,,,,,,,,,,,,,,,,,,,,,,,,,,,,,,,,,,,,,,,,,,,,,,,,,,,,,,,,,,,,,,,,,,,,,,,,,,,,,,,,,,,,,,,,,,,,,,,,,,,,,,,,,,,,,,,,,,,,,,,,,,,,,,,,,,,,,,,,,,,,,,,,,,,,,,,,,,,,,,,,,,,,,,,,,,,,,,,,,,,,,,,,,,,,,,,,,,,,,,,,,,,,,,,,,,,,,,,,,,,,,,,,,,,,,,,,,,,,,,,,,,,,,,,,,,,,,,,,,,,,,,,,,,,,,,,,,,,,,,,,,,,,,,,,,,,,,,
;,Last Modified,12/11//2025,SAC,,,,,,,,,,,,,,,,,,,,,,,,,,,,,,,,,,,,,,,,,,,,,,,,,,,,,,,,,,,,,,,,,,,,,,,,,,,,,,,,,,,,,,,,,,,,,,,,,,,,,,,,,,,,,,,,,,,,,,,,,,,,,,,,,,,,,,,,,,,,,,,,,,,,,,,,,,,,,,,,,,,,,,,,,,,,,,,,,,,,,,,,,,,,,,,,,,,,,,,,,,,,,,,,,,,,,,,,,,,,,,,,,,,,,,,,,,,,,,,,,,,,,,,,,,,,,,,,,,,,,,,,,,,,,,,,,,,,,,,,,,,,,,,,,,,,,,,,,,,,,,,,,,,,,,,,,,,,,,,,,,,,,,,,,,,,,,,,,,,,,,,,,,,,,,,,,,,,,,,,,,,,,,,,,,,,,,,,,,,,,,,,,,,,,,,,,,,,,,,,,,,,,,,,,,,,,,,,,,,,,,,,,,,,,,,,,,,,,,,,,,,,,,,,,,,,,,,,,,,,,,,,,,,,,,,,,,,,,,,,,,,,,,,,,,,,,,,,,,,,,,,,,,,,,,,,,,,,,,,,,,,,,,,,,,,,,,,,,,,,,,,,,,,,,,,,,,,,,,,,,,,,,,,,,,,,,,,,,,,,,,,,,,,,,,,,,,,,,,,,,,,,,
;,,,,,,,,,,,,,,,,,,,,,,,,,,,,,,,,,,,,,,,,,,,,,,,,,,,,,,,,,,,,,,,,,,,,,,,,,,,,,,,,,,,,,,,,,,,,,,,,,,,,,,,,,,,,,,,,,,,,,,,,,,,,,,,,,,,,,,,,,,,,,,,,,,,,,,,,,,,,,,,,,,,,,,,,,,,,,,,,,,,,,,,,,,,,,,,,,,,,,,,,,,,,,,,,,,,,,,,,,,,,,,,,,,,,,,,,,,,,,,,,,,,,,,,,,,,,,,,,,,,,,,,,,,,,,,,,,,,,,,,,,,,,,,,,,,,,,,,,,,,,,,,,,,,,,,,,,,,,,,,,,,,,,,,,,,,,,,,,,,,,,,,,,,,,,,,,,,,,,,,,,,,,,,,,,,,,,,,,,,,,,,,,,,,,,,,,,,,,,,,,,,,,,,,,,,,,,,,,,,,,,,,,,,,,,,,,,,,,,,,,,,,,,,,,,,,,,,,,,,,,,,,,,,,,,,,,,,,,,,,,,,,,,,,,,,,,,,,,,,,,,,,,,,,,,,,,,,,,,,,,,,,,,,,,,,,,,,,,,,,,,,,,,,,,,,,,,,,,,,,,,,,,,,,,,,,,,,,,,,,,,,,,,,,,,,,,,,,,,,,,,,,,,,,,
;,Source Data:,,,,,,,,,,,,,,,,,,,,,,,,,,,,,,,,,,,,,,,,,,,,,,,,,,,,,,,,,,,,,,,,,,,,,,,,,,,,,,,,,,,,,,,,,,,,,,,,,,,,,,,,,,,,,,,,,,,,,,,,,,,,,,,,,,,,,,,,,,,,,,,,,,,,,,,,,,,,,,,,,,,,,,,,,,,,,,,,,,,,,,,,,,,,,,,,,,,,,,,,,,,,,,,,,,,,,,,,,,,,,,,,,,,,,,,,,,,,,,,,,,,,,,,,,,,,,,,,,,,,,,,,,,,,,,,,,,,,,,,,,,,,,,,,,,,,,,,,,,,,,,,,,,,,,,,,,,,,,,,,,,,,,,,,,,,,,,,,,,,,,,,,,,,,,,,,,,,,,,,,,,,,,,,,,,,,,,,,,,,,,,,,,,,,,,,,,,,,,,,,,,,,,,,,,,,,,,,,,,,,,,,,,,,,,,,,,,,,,,,,,,,,,,,,,,,,,,,,,,,,,,,,,,,,,,,,,,,,,,,,,,,,,,,,,,,,,,,,,,,,,,,,,,,,,,,,,,,,,,,,,,,,,,,,,,,,,,,,,,,,,,,,,,,,,,,,,,,,,,,,,,,,,,,,,,,,,,,,,,,,,,,,,,,,,,,,,,,,,,,,,,,,,,,
;,,1,ASHRAE Handbook --- Fundamentals 2021,,,,,,,,,,,,,,,,,,,,,,,,,,,,,,,,,,,,,,,,,,,,,,,,,,,,,,,,,,,,,,,,,,,,,,,,,,,,,,,,,,,,,,,,,,,,,,,,,,,,,,,,,,,,,,,,,,,,,,,,,,,,,,,,,,,,,,,,,,,,,,,,,,,,,,,,,,,,,,,,,,,,,,,,,,,,,,,,,,,,,,,,,,,,,,,,,,,,,,,,,,,,,,,,,,,,,,,,,,,,,,,,,,,,,,,,,,,,,,,,,,,,,,,,,,,,,,,,,,,,,,,,,,,,,,,,,,,,,,,,,,,,,,,,,,,,,,,,,,,,,,,,,,,,,,,,,,,,,,,,,,,,,,,,,,,,,,,,,,,,,,,,,,,,,,,,,,,,,,,,,,,,,,,,,,,,,,,,,,,,,,,,,,,,,,,,,,,,,,,,,,,,,,,,,,,,,,,,,,,,,,,,,,,,,,,,,,,,,,,,,,,,,,,,,,,,,,,,,,,,,,,,,,,,,,,,,,,,,,,,,,,,,,,,,,,,,,,,,,,,,,,,,,,,,,,,,,,,,,,,,,,,,,,,,,,,,,,,,,,,,,,,,,,,,,,,,,,,,,,,,,,,,,,,,,,,,,,,,,,,,,,,,,,,,,,,,,,,,,,,,,,,,
;,,,For use with 2022 CA weather files,,,,,,,,,,,,,,,,,,,,,,,,,,,,,,,,,,,,,,,,,,,,,,,,,,,,,,,,,,,,,,,,,,,,,,,,,,,,,,,,,,,,,,,,,,,,,,,,,,,,,,,,,,,,,,,,,,,,,,,,,,,,,,,,,,,,,,,,,,,,,,,,,,,,,,,,,,,,,,,,,,,,,,,,,,,,,,,,,,,,,,,,,,,,,,,,,,,,,,,,,,,,,,,,,,,,,,,,,,,,,,,,,,,,,,,,,,,,,,,,,,,,,,,,,,,,,,,,,,,,,,,,,,,,,,,,,,,,,,,,,,,,,,,,,,,,,,,,,,,,,,,,,,,,,,,,,,,,,,,,,,,,,,,,,,,,,,,,,,,,,,,,,,,,,,,,,,,,,,,,,,,,,,,,,,,,,,,,,,,,,,,,,,,,,,,,,,,,,,,,,,,,,,,,,,,,,,,,,,,,,,,,,,,,,,,,,,,,,,,,,,,,,,,,,,,,,,,,,,,,,,,,,,,,,,,,,,,,,,,,,,,,,,,,,,,,,,,,,,,,,,,,,,,,,,,,,,,,,,,,,,,,,,,,,,,,,,,,,,,,,,,,,,,,,,,,,,,,,,,,,,,,,,,,,,,,,,,,,,,,,,,,,,,,,,,,,,,,,,,,,,,,,
;,,,Note: Units in IP. Convert to SI for use in EnergyPlus,,,,,,,,,,,,,,,,,,,,,,,,,,,,,,,,,,,,,,,,,,,,,,,,,,,,,,,,,,,,,,,,,,,,,,,,,,,,,,,,,,,,,,,,,,,,,,,,,,,,,,,,,,,,,,,,,,,,,,,,,,,,,,,,,,,,,,,,,,,,,,,,,,,,,,,,,,,,,,,,,,,,,,,,,,,,,,,,,,,,,,,,,,,,,,,,,,,,,,,,,,,,,,,,,,,,,,,,,,,,,,,,,,,,,,,,,,,,,,,,,,,,,,,,,,,,,,,,,,,,,,,,,,,,,,,,,,,,,,,,,,,,,,,,,,,,,,,,,,,,,,,,,,,,,,,,,,,,,,,,,,,,,,,,,,,,,,,,,,,,,,,,,,,,,,,,,,,,,,,,,,,,,,,,,,,,,,,,,,,,,,,,,,,,,,,,,,,,,,,,,,,,,,,,,,,,,,,,,,,,,,,,,,,,,,,,,,,,,,,,,,,,,,,,,,,,,,,,,,,,,,,,,,,,,,,,,,,,,,,,,,,,,,,,,,,,,,,,,,,,,,,,,,,,,,,,,,,,,,,,,,,,,,,,,,,,,,,,,,,,,,,,,,,,,,,,,,,,,,,,,,,,,,,,,,,,,,,,,,,,,,,,,,,,,,,,,,,,,,,,,,,,,
;,,,,,,,,,,,,,,,,,,,,,,,,,,,,,,,,,,,,,,,,,,,,,,,,,,,,,,,,,,,,,,,,,,,,,,,,,,,,,,,,,,,,,,,,,,,,,,,,,,,,,,,,,,,,,,,,,,,,,,,,,,,,,,,,,,,,,,,,,,,,,,,,,,,,,,,,,,,,,,,,,,,,,,,,,,,,,,,,,,,,,,,,,,,,,,,,,,,,,,,,,,,,,,,,,,,,,,,,,,,,,,,,,,,,,,,,,,,,,,,,,,,,,,,,,,,,,,,,,,,,,,,,,,,,,,,,,,,,,,,,,,,,,,,,,,,,,,,,,,,,,,,,,,,,,,,,,,,,,,,,,,,,,,,,,,,,,,,,,,,,,,,,,,,,,,,,,,,,,,,,,,,,,,,,,,,,,,,,,,,,,,,,,,,,,,,,,,,,,,,,,,,,,,,,,,,,,,,,,,,,,,,,,,,,,,,,,,,,,,,,,,,,,,,,,,,,,,,,,,,,,,,,,,,,,,,,,,,,,,,,,,,,,,,,,,,,,,,,,,,,,,,,,,,,,,,,,,,,,,,,,,,,,,,,,,,,,,,,,,,,,,,,,,,,,,,,,,,,,,,,,,,,,,,,,,,,,,,,,,,,,,,,,,,,,,,,,,,,,,,,,,,,,,,,
;,,#,CA Climate Zone Lookup - https://caenergy.maps.arcgis.com/apps/webappviewer/index.html?id=5cfefd9798214bea91cc4fddaa7e643f ,,,,,,,,,,,,,,,,,,,,,,,,,,,,,,,,,,,,,,,,,,,,,,,,,,,,,,,,,,,,,,,,,,,,,,,,,,,,,,,,,,,,,,,,,,,,,,,,,,,,,,,,,,,,,,,,,,,,,,,,,,,,,,,,,,,,,,,,,,,,,,,,,,,,,,,,,,,,,,,,,,,,,,,,,,,,,,,,,,,,,,,,,,,,,,,,,,,,,,,,,,,,,,,,,,,,,,,,,,,,,,,,,,,,,,,,,,,,,,,,,,,,,,,,,,,,,,,,,,,,,,,,,,,,,,,,,,,,,,,,,,,,,,,,,,,,,,,,,,,,,,,,,,,,,,,,,,,,,,,,,,,,,,,,,,,,,,,,,,,,,,,,,,,,,,,,,,,,,,,,,,,,,,,,,,,,,,,,,,,,,,,,,,,,,,,,,,,,,,,,,,,,,,,,,,,,,,,,,,,,,,,,,,,,,,,,,,,,,,,,,,,,,,,,,,,,,,,,,,,,,,,,,,,,,,,,,,,,,,,,,,,,,,,,,,,,,,,,,,,,,,,,,,,,,,,,,,,,,,,,,,,,,,,,,,,,,,,,,,,,,,,,,,,,,,,,,,,,,,,,,,,,,,,,,,,,,,,,,,,,,,,,,,,,,,,,,,,,,,,,,,,,,
;,,,,,,,,,,,,,,,,,,,,,,,,,,,,,,,,,,,,,,,,,,,,,,,,,,,,,,,,,,,,,,,,,,,,,,,,,,,,,,,,,,,,,,,,,,,,,,,,,,,,,,,,,,,,,,,,,,,,,,,,,,,,,,,,,,,,,,,,,,,,,,,,,,,,,,,,,,,,,,,,,,,,,,,,,,,,,,,,,,,,,,,,,,,,,,,,,,,,,,,,,,,,,,,,,,,,,,,,,,,,,,,,,,,,,,,,,,,,,,,,,,,,,,,,,,,,,,,,,,,,,,,,,,,,,,,,,,,,,,,,,,,,,,,,,,,,,,,,,,,,,,,,,,,,,,,,,,,,,,,,,,,,,,,,,,,,,,,,,,,,,,,,,,,,,,,,,,,,,,,,,,,,,,,,,,,,,,,,,,,,,,,,,,,,,,,,,,,,,,,,,,,,,,,,,,,,,,,,,,,,,,,,,,,,,,,,,,,,,,,,,,,,,,,,,,,,,,,,,,,,,,,,,,,,,,,,,,,,,,,,,,,,,,,,,,,,,,,,,,,,,,,,,,,,,,,,,,,,,,,,,,,,,,,,,,,,,,,,,,,,,,,,,,,,,,,,,,,,,,,,,,,,,,,,,,,,,,,,,,,,,,,,,,,,,,,,,,,,,,,,,,,,,,,,
;,,,,,,,,,,,,,,,,,,,,,,,,,,,,,,,,,,,,,,,,,,,,,,,,,,,,,,,,,,,,,,,,,,,,,,,,,,,,,,,,,,,,,,,,,,,,,,,,,,,,,,,,,,,,,,,,,,,,,,,,,,,,,,,,,,,,,,,,,,,,,,,,,,,,,,,,,,,,,,,,,,,,,,,,,,,,,,,,,,,,,,,,,,,,,,,,,,,,,,,,,,,,,,,,,,,,,,,,,,,,,,,,,,,,,,,,,,,,,,,,,,,,,,,,,,,,,,,,,,,,,,,,,,,,,,,,,,,,,,,,,,,,,,,,,,,,,,,,,,,,,,,,,,,,,,,,,,,,,,,,,,,,,,,,,,,,,,,,,,,,,,,,,,,,,,,,,,,,,,,,,,,,,,,,,,,,,,,,,,,,,,,,,,,,,,,,,,,,,,,,,,,,,,,,,,,,,,,,,,,,,,,,,,,,,,,,,,,,,,,,,,,,,,,,,,,,,,,,,,,,,,,,,,,,,,,,,,,,,,,,,,,,,,,,,,,,,,,,,,,,,,,,,,,,,,,,,,,,,,,,,,,,,,,,,,,,,,,,,,,,,,,,,,,,,,,,,,,,,,,,,,,,,,,,,,,,,,,,,,,,,,,,,,,,,,,,,,,,,,,,,,,,,,,,
;,,,,,,,,,,,,,,,,,,,,,,,,,,,,,,,,,,,,,,,,,,,,,,,,,,,,,,,,,,,,,,,,,,,,,,,,,,,,,,,,,,,,,,,,,,,,,,,,,,,,,,,,,,,,,,,,,,,,,,,,,,,,,,,,,,,,,,,,,,,,,,,,,,,,,,,,,,,,,,,,,,,,,,,,,,,,,,,,,,,,,,,,,,,,,,,,,,,,,,,,,,,,,,,,,,,,,,,,,,,,,,,,,,,,,,,,,,,,,,,,,,,,,,,,,,,,,,,,,,,,,,,,,,,,,,,,,,,,,,,,,,,,,,,,,,,,,,,,,,,,,,,,,,,,,,,,,,,,,,,,,,,,,,,,,,,,,,,,,,,,,,,,,,,,,,,,,,,,,,,,,,,,,,,,,,,,,,,,,,,,,,,,,,,,,,,,,,,,,,,,,,,,,,,,,,,,,,,,,,,,,,,,,,,,,,,,,,,,,,,,,,,,,,,,,,,,,,,,,,,,,,,,,,,,,,,,,,,,,,,,,,,,,,,,,,,,,,,,,,,,,,,,,,,,,,,,,,,,,,,,,,,,,,,,,,,,,,,,,,,,,,,,,,,,,,,,,,,,,,,,,,,,,,,,,,,,,,,,,,,,,,,,,,,,,,,,,,,,,,,,,,,,,,,,
;,,,,,,,,,,,,,,,,,,,,,,,,,,,,,,,,,,,,,,,,,,,,,,,,,,,,,,,,,,,,,,,,,,,,,,,,,,,,,,,,,,,,,,,,,,,,,,,,,,,,,,,,,,,,,,,,,,,,,,,,,,,,,,,,,,,,,,,,,,,,,,,,,,,,,,,,,,,,,,,,,,,,,,,,,,,,,,,,,,,,,,,,,,,,,,,,,,,,,,,,,,,,,,,,,,,,,,,,,,,,,,,,,,,,,,,,,,,,,,,,,,,,,,,,,,,,,,,,,,,,,,,,,,,,,,,,,,,,,,,,,,,,,,,,,,,,,,,,,,,,,,,,,,,,,,,,,,,,,,,,,,,,,,,,,,,,,,,,,,,,,,,,,,,,,,,,,,,,,,,,,,,,,,,,,,,,,,,,,,,,,,,,,,,,,,,,,,,,,,,,,,,,,,,,,,,,,,,,,,,,,,,,,,,,,,,,,,,,,,,,,,,,,,,,,,,,,,,,,,,,,,,,,,,,,,,,,,,,,,,,,,,,,,,,,,,,,,,,,,,,,,,,,,,,,,,,,,,,,,,,,,,,,,,,,,,,,,,,,,,,,,,,,,,,,,,,,,,,,,,,,,,,,,,,,,,,,,,,,,,,,,,,,,,,,,,,,,,,,,,,,,,,,,,,
;,Other cell color coding,,Columns added for CA climate zone reference,,,,,,,,,,,,,,,,,,,,,,,,,,,,,,,,,,,,,,,,,,,,,,,,,,,,,,,,,,,,,,,,,,,,,,,,,,,,,,,,,,,,,,,,,,,,,,,,,,,,,,,,,,,,,,,,,,,,,,,,,,,,,,,,,,,,,,,,,,,,,,,,,,,,,,,,,,,,,,,,,,,,,,,,,,,,,,,,,,,,,,,,,,,,,,,,,,,,,,,,,,,,,,,,,,,,,,,,,,,,,,,,,,,,,,,,,,,,,,,,,,,,,,,,,,,,,,,,,,,,,,,,,,,,,,,,,,,,,,,,,,,,,,,,,,,,,,,,,,,,,,,,,,,,,,,,,,,,,,,,,,,,,,,,,,,,,,,,,,,,,,,,,,,,,,,,,,,,,,,,,,,,,,,,,,,,,,,,,,,,,,,,,,,,,,,,,,,,,,,,,,,,,,,,,,,,,,,,,,,,,,,,,,,,,,,,,,,,,,,,,,,,,,,,,,,,,,,,,,,,,,,,,,,,,,,,,,,,,,,,,,,,,,,,,,,,,,,,,,,,,,,,,,,,,,,,,,,,,,,,,,,,,,,,,,,,,,,,,,,,,,,,,,,,,,,,,,,,,,,,,,,,,,,,,,,,,,,,,,,,,,,,,,,,,,,,,,,,,,,,,,,,,
;,,,Data not available for stations - excluded from lookup table,,,,,,,,,,,,,,,,,,,,,,,,,,,,,,,,,,,,,,,,,,,,,,,,,,,,,,,,,,,,,,,,,,,,,,,,,,,,,,,,,,,,,,,,,,,,,,,,,,,,,,,,,,,,,,,,,,,,,,,,,,,,,,,,,,,,,,,,,,,,,,,,,,,,,,,,,,,,,,,,,,,,,,,,,,,,,,,,,,,,,,,,,,,,,,,,,,,,,,,,,,,,,,,,,,,,,,,,,,,,,,,,,,,,,,,,,,,,,,,,,,,,,,,,,,,,,,,,,,,,,,,,,,,,,,,,,,,,,,,,,,,,,,,,,,,,,,,,,,,,,,,,,,,,,,,,,,,,,,,,,,,,,,,,,,,,,,,,,,,,,,,,,,,,,,,,,,,,,,,,,,,,,,,,,,,,,,,,,,,,,,,,,,,,,,,,,,,,,,,,,,,,,,,,,,,,,,,,,,,,,,,,,,,,,,,,,,,,,,,,,,,,,,,,,,,,,,,,,,,,,,,,,,,,,,,,,,,,,,,,,,,,,,,,,,,,,,,,,,,,,,,,,,,,,,,,,,,,,,,,,,,,,,,,,,,,,,,,,,,,,,,,,,,,,,,,,,,,,,,,,,,,,,,,,,,,,,,,,,,,,,,,,,,,,,,,,,,,,,,,,,,,,
;,,,Data populated for stations from 2022.1.0 ,,,,,,,,,,,,,,,,,,,,,,,,,,,,,,,,,,,,,,,,,,,,,,,,,,,,,,,,,,,,,,,,,,,,,,,,,,,,,,,,,,,,,,,,,,,,,,,,,,,,,,,,,,,,,,,,,,,,,,,,,,,,,,,,,,,,,,,,,,,,,,,,,,,,,,,,,,,,,,,,,,,,,,,,,,,,,,,,,,,,,,,,,,,,,,,,,,,,,,,,,,,,,,,,,,,,,,,,,,,,,,,,,,,,,,,,,,,,,,,,,,,,,,,,,,,,,,,,,,,,,,,,,,,,,,,,,,,,,,,,,,,,,,,,,,,,,,,,,,,,,,,,,,,,,,,,,,,,,,,,,,,,,,,,,,,,,,,,,,,,,,,,,,,,,,,,,,,,,,,,,,,,,,,,,,,,,,,,,,,,,,,,,,,,,,,,,,,,,,,,,,,,,,,,,,,,,,,,,,,,,,,,,,,,,,,,,,,,,,,,,,,,,,,,,,,,,,,,,,,,,,,,,,,,,,,,,,,,,,,,,,,,,,,,,,,,,,,,,,,,,,,,,,,,,,,,,,,,,,,,,,,,,,,,,,,,,,,,,,,,,,,,,,,,,,,,,,,,,,,,,,,,,,,,,,,,,,,,,,,,,,,,,,,,,,,,,,,,,,,,,,,,,
;,,#,CA Climate Zone Number Added for new stations,,,,,,,,,,,,,,,,,,,,,,,,,,,,,,,,,,,,,,,,,,,,,,,,,,,,,,,,,,,,,,,,,,,,,,,,,,,,,,,,,,,,,,,,,,,,,,,,,,,,,,,,,,,,,,,,,,,,,,,,,,,,,,,,,,,,,,,,,,,,,,,,,,,,,,,,,,,,,,,,,,,,,,,,,,,,,,,,,,,,,,,,,,,,,,,,,,,,,,,,,,,,,,,,,,,,,,,,,,,,,,,,,,,,,,,,,,,,,,,,,,,,,,,,,,,,,,,,,,,,,,,,,,,,,,,,,,,,,,,,,,,,,,,,,,,,,,,,,,,,,,,,,,,,,,,,,,,,,,,,,,,,,,,,,,,,,,,,,,,,,,,,,,,,,,,,,,,,,,,,,,,,,,,,,,,,,,,,,,,,,,,,,,,,,,,,,,,,,,,,,,,,,,,,,,,,,,,,,,,,,,,,,,,,,,,,,,,,,,,,,,,,,,,,,,,,,,,,,,,,,,,,,,,,,,,,,,,,,,,,,,,,,,,,,,,,,,,,,,,,,,,,,,,,,,,,,,,,,,,,,,,,,,,,,,,,,,,,,,,,,,,,,,,,,,,,,,,,,,,,,,,,,,,,,,,,,,,,,,,,,,,,,,,,,,,,,,,,,,,,,,,,,
;,,,,,,,,,,,,,,,,,,,,,,,,,,,,,,,,,,,,,,,,,,,,,,,,,,,,,,,,,,,,,,,,,,,,,,,,,,,,,,,,,,,,,,,,,,,,,,,,,,,,,,,,,,,,,,,,,,,,,,,,,,,,,,,,,,,,,,,,,,,,,,,,,,,,,,,,,,,,,,,,,,,,,,,,,,,,,,,,,,,,,,,,,,,,,,,,,,,,,,,,,,,,,,,,,,,,,,,,,,,,,,,,,,,,,,,,,,,,,,,,,,,,,,,,,,,,,,,,,,,,,,,,,,,,,,,,,,,,,,,,,,,,,,,,,,,,,,,,,,,,,,,,,,,,,,,,,,,,,,,,,,,,,,,,,,,,,,,,,,,,,,,,,,,,,,,,,,,,,,,,,,,,,,,,,,,,,,,,,,,,,,,,,,,,,,,,,,,,,,,,,,,,,,,,,,,,,,,,,,,,,,,,,,,,,,,,,,,,,,,,,,,,,,,,,,,,,,,,,,,,,,,,,,,,,,,,,,,,,,,,,,,,,,,,,,,,,,,,,,,,,,,,,,,,,,,,,,,,,,,,,,,,,,,,,,,,,,,,,,,,,,,,,,,,,,,,,,,,,,,,,,,,,,,,,,,,,,,,,,,,,,,,,,,,,,,,,,,,,,,,,,,,,,,,
;,Mod History,12/11/25 - SAC - updated 2025 to 2028 (main 16 CZs only),,,,,,,,,,,,,,,,,,,,,,,,,,,,,,,,,,,,,,,,,,,,,,,,,,,,,,,,,,,,,,,,,,,,,,,,,,,,,,,,,,,,,,,,,,,,,,,,,,,,,,,,,,,,,,,,,,,,,,,,,,,,,,,,,,,,,,,,,,,,,,,,,,,,,,,,,,,,,,,,,,,,,,,,,,,,,,,,,,,,,,,,,,,,,,,,,,,,,,,,,,,,,,,,,,,,,,,,,,,,,,,,,,,,,,,,,,,,,,,,,,,,,,,,,,,,,,,,,,,,,,,,,,,,,,,,,,,,,,,,,,,,,,,,,,,,,,,,,,,,,,,,,,,,,,,,,,,,,,,,,,,,,,,,,,,,,,,,,,,,,,,,,,,,,,,,,,,,,,,,,,,,,,,,,,,,,,,,,,,,,,,,,,,,,,,,,,,,,,,,,,,,,,,,,,,,,,,,,,,,,,,,,,,,,,,,,,,,,,,,,,,,,,,,,,,,,,,,,,,,,,,,,,,,,,,,,,,,,,,,,,,,,,,,,,,,,,,,,,,,,,,,,,,,,,,,,,,,,,,,,,,,,,,,,,,,,,,,,,,,,,,,,,,,,,,,,,,,,,,,,,,,,,,,,,,,,,,,,,,,,,,,,,,,,,,,,,,,,,,,,,,,,,
;,,08/05/25 - SAC - updated file hash values to be consistent w/ EPW files transitioned into GitHub (w/ CRLF where before/SVN had only LF),,,,,,,,,,,,,,,,,,,,,,,,,,,,,,,,,,,,,,,,,,,,,,,,,,,,,,,,,,,,,,,,,,,,,,,,,,,,,,,,,,,,,,,,,,,,,,,,,,,,,,,,,,,,,,,,,,,,,,,,,,,,,,,,,,,,,,,,,,,,,,,,,,,,,,,,,,,,,,,,,,,,,,,,,,,,,,,,,,,,,,,,,,,,,,,,,,,,,,,,,,,,,,,,,,,,,,,,,,,,,,,,,,,,,,,,,,,,,,,,,,,,,,,,,,,,,,,,,,,,,,,,,,,,,,,,,,,,,,,,,,,,,,,,,,,,,,,,,,,,,,,,,,,,,,,,,,,,,,,,,,,,,,,,,,,,,,,,,,,,,,,,,,,,,,,,,,,,,,,,,,,,,,,,,,,,,,,,,,,,,,,,,,,,,,,,,,,,,,,,,,,,,,,,,,,,,,,,,,,,,,,,,,,,,,,,,,,,,,,,,,,,,,,,,,,,,,,,,,,,,,,,,,,,,,,,,,,,,,,,,,,,,,,,,,,,,,,,,,,,,,,,,,,,,,,,,,,,,,,,,,,,,,,,,,,,,,,,,,,,,,,,,,,,,,,,,,,,,,,,,,,,,,,,,,,,,,,,,,,,,,,,,,,,,,,,,,,,,,,,,,,,,,
;,,05/29/25 - SAC - added weather file hash values - needed for checking during 2025 analysis,,,,,,,,,,,,,,,,,,,,,,,,,,,,,,,,,,,,,,,,,,,,,,,,,,,,,,,,,,,,,,,,,,,,,,,,,,,,,,,,,,,,,,,,,,,,,,,,,,,,,,,,,,,,,,,,,,,,,,,,,,,,,,,,,,,,,,,,,,,,,,,,,,,,,,,,,,,,,,,,,,,,,,,,,,,,,,,,,,,,,,,,,,,,,,,,,,,,,,,,,,,,,,,,,,,,,,,,,,,,,,,,,,,,,,,,,,,,,,,,,,,,,,,,,,,,,,,,,,,,,,,,,,,,,,,,,,,,,,,,,,,,,,,,,,,,,,,,,,,,,,,,,,,,,,,,,,,,,,,,,,,,,,,,,,,,,,,,,,,,,,,,,,,,,,,,,,,,,,,,,,,,,,,,,,,,,,,,,,,,,,,,,,,,,,,,,,,,,,,,,,,,,,,,,,,,,,,,,,,,,,,,,,,,,,,,,,,,,,,,,,,,,,,,,,,,,,,,,,,,,,,,,,,,,,,,,,,,,,,,,,,,,,,,,,,,,,,,,,,,,,,,,,,,,,,,,,,,,,,,,,,,,,,,,,,,,,,,,,,,,,,,,,,,,,,,,,,,,,,,,,,,,,,,,,,,,,,,,,,,,,,,,,,,,,,,,,,,,,,,,,,,,,
;,,4/16/2025 - CSB - created table using the ASHRAE 2021 stations (and design conditions) paired with the 2025 filenames for the 92 locations from 2022 ruleset.,,,,,,,,,,,,,,,,,,,,,,,,,,,,,,,,,,,,,,,,,,,,,,,,,,,,,,,,,,,,,,,,,,,,,,,,,,,,,,,,,,,,,,,,,,,,,,,,,,,,,,,,,,,,,,,,,,,,,,,,,,,,,,,,,,,,,,,,,,,,,,,,,,,,,,,,,,,,,,,,,,,,,,,,,,,,,,,,,,,,,,,,,,,,,,,,,,,,,,,,,,,,,,,,,,,,,,,,,,,,,,,,,,,,,,,,,,,,,,,,,,,,,,,,,,,,,,,,,,,,,,,,,,,,,,,,,,,,,,,,,,,,,,,,,,,,,,,,,,,,,,,,,,,,,,,,,,,,,,,,,,,,,,,,,,,,,,,,,,,,,,,,,,,,,,,,,,,,,,,,,,,,,,,,,,,,,,,,,,,,,,,,,,,,,,,,,,,,,,,,,,,,,,,,,,,,,,,,,,,,,,,,,,,,,,,,,,,,,,,,,,,,,,,,,,,,,,,,,,,,,,,,,,,,,,,,,,,,,,,,,,,,,,,,,,,,,,,,,,,,,,,,,,,,,,,,,,,,,,,,,,,,,,,,,,,,,,,,,,,,,,,,,,,,,,,,,,,,,,,,,,,,,,,,,,,,,,,,,,,,,,,,,,,,,,,,,,,,,,,,,,,,,,
;,,,,,,,,,,,,,,,,,,,,,,,,,,,,,,,,,,,,,,,,,,,,,,,,,,,,,,,,,,,,,,,,,,,,,,,,,,,,,,,,,,,,,,,,,,,,,,,,,,,,,,,,,,,,,,,,,,,,,,,,,,,,,,,,,,,,,,,,,,,,,,,,,,,,,,,,,,,,,,,,,,,,,,,,,,,,,,,,,,,,,,,,,,,,,,,,,,,,,,,,,,,,,,,,,,,,,,,,,,,,,,,,,,,,,,,,,,,,,,,,,,,,,,,,,,,,,,,,,,,,,,,,,,,,,,,,,,,,,,,,,,,,,,,,,,,,,,,,,,,,,,,,,,,,,,,,,,,,,,,,,,,,,,,,,,,,,,,,,,,,,,,,,,,,,,,,,,,,,,,,,,,,,,,,,,,,,,,,,,,,,,,,,,,,,,,,,,,,,,,,,,,,,,,,,,,,,,,,,,,,,,,,,,,,,,,,,,,,,,,,,,,,,,,,,,,,,,,,,,,,,,,,,,,,,,,,,,,,,,,,,,,,,,,,,,,,,,,,,,,,,,,,,,,,,,,,,,,,,,,,,,,,,,,,,,,,,,,,,,,,,,,,,,,,,,,,,,,,,,,,,,,,,,,,,,,,,,,,,,,,,,,,,,,,,,,,,,,,,,,,,,,,,,,,
;,,,,,,,,,,,,,,,,,,,,,,,,,,,,,,,,,,,,,,,,,,,,,,,,,,,,,,,,,,,,,,,,,,,,,,,,,,,,,,,,,,,,,,,,,,,,,,,,,,,,,,,,,,,,,,,,,,,,,,,,,,,,,,,,,,,,,,,,,,,,,,,,,,,,,,,,,,,,,,,,,,,,,,,,,,,,,,,,,,,,,,,,,,,,,,,,,,,,,,,,,,,,,,,,,,,,,,,,,,,,,,,,,,,,,,,,,,,,,,,,,,,,,,,,,,,,,,,,,,,,,,,,,,,,,,,,,,,,,,,,,,,,,,,,,,,,,,,,,,,,,,,,,,,,,,,,,,,,,,,,,,,,,,,,,,,,,,,,,,,,,,,,,,,,,,,,,,,,,,,,,,,,,,,,,,,,,,,,,,,,,,,,,,,,,,,,,,,,,,,,,,,,,,,,,,,,,,,,,,,,,,,,,,,,,,,,,,,,,,,,,,,,,,,,,,,,,,,,,,,,,,,,,,,,,,,,,,,,,,,,,,,,,,,,,,,,,,,,,,,,,,,,,,,,,,,,,,,,,,,,,,,,,,,,,,,,,,,,,,,,,,,,,,,,,,,,,,,,,,,,,,,,,,,,,,,,,,,,,,,,,,,,,,,,,,,,,,,,,,,,,,,,,,,,
;,,,Station Information,,,,,,,,,,,,,,Annual Heating and Humidification Design Conditions,,,,,,,,,,,,,,,,"Annual Cooling, Dehumidification, and Enthalpy Design Conditions",,,,,,,,,,,,,,,,,,,,,,,,,,,,,,,,Extreme Annual Design Conditions,,,,,,,,,,,,,,,,,,,,,,,,,,,"Temperatures, Degree-Days, and Degree-Hours",,,,,,,,,,,,,,,,,,,,,,,,,,,,,,,,,,,,,,,,,,,,,,,,,,,,,,,,,,,,,,,,,,,,,,,,,,,,,,,,,,,,,,,,,,,,,,,,,,,,,,,,Wind Speed,,,,,,,,,,,,,Precipitation,,,,,,,,,,,,,,,,,,,,,,,,,,,,,,,,,,,,,,,,,,,,,,,,,,,,Monthly Design Dry Bulb and Mean Coincident Wet Bulb Temperatures,,,,,,,,,,,,,,,,,,,,,,,,,,,,,,,,,,,,,,,,,,,,,,,,,,,,,,,,,,,,,,,,,,,,,,,,,,,,,,,,,,,,,,,,,,,,,,,,Monthly Design Wet Bulb and Mean Coincident Dry Bulb Temperatures,,,,,,,,,,,,,,,,,,,,,,,,,,,,,,,,,,,,,,,,,,,,,,,,,,,,,,,,,,,,,,,,,,,,,,,,,,,,,,,,,,,,,,,,,,,,,,,,Mean Daily Temperature Range,,,,,,,,,,,,,,,,,,,,,,,,,,,,,,,,,,,,,,,,,,,,,,,,,,,,,,,,,,,,Clear-Sky Solar Irradiance,,,,,,,,,,,,,,,,,,,,,,,,,,,,,,,,,,,,,,,,,,,,,,,,All-Sky Solar Radiation,,,,,,,,,,,,,,,,,,,,,,,,Historical Trends,,,,,,,,,,,,,,,,,,,,,,,
;,,,Region,Country,Prov State,Station Name,WMO,WBAN,Lat,Lon,Elev,StdP,TZ Offset,TZ Code,Period,Climate Zone,Coldest Month,Heating DB,,Humidification DP/MCDB and HR,,,,,,Coldest Month WS/MCDB,,,,MCWS/PCWD to 99.6% DB,,Wind Shelter Factor,Hottest Month,Hottest Month DB Range,Cooling DB/MCWB,,,,,,Evaporation WB/MCDB,,,,,,MCWS/PCWD to 0.4% DB,,Dehumidification DP/MCDB and HR,,,,,,,,,Enthalpy/MCDB,,,,,,Extreme Max WB,Extreme Annual WS,,,Extreme Annual DB,,,,n-Year Return Period Values of Extreme DB,,,,,,,,Extreme Annual WB,,,,n-Year Return Period Values of Extreme WB,,,,,,,,Average Daily Temperature,,,,,,,,,,,,,Standard Deviation of Average Daily Temperature,,,,,,,,,,,,,Heating Degree Days 50°F (HDD50),,,,,,,,,,,,,Heating Degree Days 65°F (HDD65),,,,,,,,,,,,,Cooling Degree Days 50°F (CDD50),,,,,,,,,,,,,Cooling Degree Days 65°F (CDD65),,,,,,,,,,,,,Cooling Degree Hours 74°F (CDH74),,,,,,,,,,,,,Cooling Degree Hours 80°F (CDH80),,,,,,,,,,,,,Average Wind Speed,,,,,,,,,,,,,Average Precipitation,,,,,,,,,,,,,Maximum Precipitation,,,,,,,,,,,,,Minimum Precipitation,,,,,,,,,,,,,Standard Deviation of Precipitation,,,,,,,,,,,,,0.4% Monthly Design Dry Bulb Temperature,,,,,,,,,,,,Mean Wet Bulb Coincident with 0.4% Monthly Design Dry Bulb Temperature,,,,,,,,,,,,2% Monthly Design Dry Bulb Temperature,,,,,,,,,,,,Mean Wet Bulb Coincident with 2% Monthly Design Dry Bulb Temperature,,,,,,,,,,,,5% Monthly Design Dry Bulb Temperature,,,,,,,,,,,,Mean Wet Bulb Coincident with 5% Monthly Design Dry Bulb Temperature,,,,,,,,,,,,10% Monthly Design Dry Bulb Temperature,,,,,,,,,,,,Mean Wet Bulb Coincident with 10% Monthly Design Dry Bulb Temperature,,,,,,,,,,,,0.4% Monthly Design Wet Bulb Temperature,,,,,,,,,,,,Mean Dry Bulb Coincident with 0.4% Monthly Design Wet Bulb Temperature,,,,,,,,,,,,2% Monthly Design Wet Bulb Temperature,,,,,,,,,,,,Mean Dry Bulb Coincident with 2% Monthly Design Wet Bulb Temperature,,,,,,,,,,,,5% Monthly Design Wet Bulb Temperature,,,,,,,,,,,,Mean Dry Bulb Coincident with 5% Monthly Design Wet Bulb Temperature,,,,,,,,,,,,10% Monthly Design Wet Bulb Temperature,,,,,,,,,,,,Mean Dry Bulb Coincident with 10% Monthly Design Wet Bulb Temperature,,,,,,,,,,,,Mean Daily Dry Bulb Temperature Range,,,,,,,,,,,,Mean Daily Dry Bulb Temperature Range Coincident with 5% Design Dry Bulb Temperature,,,,,,,,,,,,Mean Daily Wet Bulb Temperature Range Coincident with 5% Design Dry Bulb Temperature,,,,,,,,,,,,Mean Daily Dry Bulb Temperature Range Coincident with 5% Design Wet Bulb Temperature,,,,,,,,,,,,Mean Daily Wet Bulb Temperature Range Coincident with 5% Design Wet Bulb Temperature,,,,,,,,,,,,Clear-Sky Optical Depth for Beam Irradiance (taub),,,,,,,,,,,,Clear-Sky Optical Depth for Diffuse Irradiance (taud),,,,,,,,,,,,Clear-Sky Noon Beam Normal Irradiance on 21st Day,,,,,,,,,,,,Clear-Sky Noon Diffuse Horizontal Irradiance on 21st Day,,,,,,,,,,,,All-Sky Average Monthly Global Horizontal Radiation,,,,,,,,,,,,All-Sky Standard Deviation of Monthly Global Horizontal Radiation,,,,,,,,,,,,Station Only,,,,,,,,,,Regional,,,,,,,,,,,,,
;,,,,,,,,,,,,,,,,,,,,99.60%,,,99.00%,,,0.40%,,1%,,,,,,,0.40%,,1%,,2%,,0.40%,,1%,,2%,,,,0.40%,,,1%,,,2%,,,0.40%,,1%,,2%,,,,,,Mean,,Standard Deviation,,n=5 years,,n=10 years,,n=20 years,,n=50 years,,Mean,,Standard Deviation,,n=5 years,,n=10 years,,n=20 years,,n=50 years,,,,,,,,,,,,,,,,,,,,,,,,,,,,,,,,,,,,,,,,,,,,,,,,,,,,,,,,,,,,,,,,,,,,,,,,,,,,,,,,,,,,,,,,,,,,,,,,,,,,,,,,,,,,,,,,,,,,,,,,,,,,,,,,,,,,,,,,,,,,,,,,,,,,,,,,,,,,,,,,,,,,,,,,,,,,,,,,,,,,,,,,,,,,,,,,,,,,,,,,,,,,,,,,,,,,,,,,,,,,,,,,,,,,,,,,,,,,,,,,,,,,,,,,,,,,,,,,,,,,,,,,,,,,,,,,,,,,,,,,,,,,,,,,,,,,,,,,,,,,,,,,,,,,,,,,,,,,,,,,,,,,,,,,,,,,,,,,,,,,,,,,,,,,,,,,,,,,,,,,,,,,,,,,,,,,,,,,,,,,,,,,,,,,,,,,,,,,,,,,,,,,,,,,,,,,,,,,,,,,,,,,,,,,,,,,,,,,,,,,,,,,,,,,,,,,,,,,,,,,,,,,,,,,,,,,,,,,,,,,,,,,,,,,,,,,,,,DBAvg,Heating,,Cooling,,,Degree-Days,,,,DBAvg,Heating,,Cooling,,,Degree-Days,,,,Neighbors,,,
;,,,,,,,,,,,,,,,,,,99.60%,99.00%,DP,HR,MCDB,DP,HR,MCDB,WS,MCDB,WS,MCDB,MCWS,PCWD,,,,DB,MCWB,DB,MCWB,DB,MCWB,WB,MCDB,WB,MCDB,WB,MCDB,MCWS,PCWD,DP,HR,MCDB,DP,HR,MCDB,DP,HR,MCDB,Enth,MCDB,Enth,MCDB,Enth,MCDB,,1%,2.50%,5%,Min,Max,Min,Max,Min,Max,Min,Max,Min,Max,Min,Max,Min,Max,Min,Max,Min,Max,Min,Max,Min,Max,Min,Max,Annual,Jan,Feb,Mar,Apr,May,Jun,Jul,Aug,Sep,Oct,Nov,Dec,Annual,Jan,Feb,Mar,Apr,May,Jun,Jul,Aug,Sep,Oct,Nov,Dec,Annual,Jan,Feb,Mar,Apr,May,Jun,Jul,Aug,Sep,Oct,Nov,Dec,Annual,Jan,Feb,Mar,Apr,May,Jun,Jul,Aug,Sep,Oct,Nov,Dec,Annual,Jan,Feb,Mar,Apr,May,Jun,Jul,Aug,Sep,Oct,Nov,Dec,Annual,Jan,Feb,Mar,Apr,May,Jun,Jul,Aug,Sep,Oct,Nov,Dec,Annual,Jan,Feb,Mar,Apr,May,Jun,Jul,Aug,Sep,Oct,Nov,Dec,Annual,Jan,Feb,Mar,Apr,May,Jun,Jul,Aug,Sep,Oct,Nov,Dec,Annual,Jan,Feb,Mar,Apr,May,Jun,Jul,Aug,Sep,Oct,Nov,Dec,Annual,Jan,Feb,Mar,Apr,May,Jun,Jul,Aug,Sep,Oct,Nov,Dec,Annual,Jan,Feb,Mar,Apr,May,Jun,Jul,Aug,Sep,Oct,Nov,Dec,Annual,Jan,Feb,Mar,Apr,May,Jun,Jul,Aug,Sep,Oct,Nov,Dec,Annual,Jan,Feb,Mar,Apr,May,Jun,Jul,Aug,Sep,Oct,Nov,Dec,Jan,Feb,Mar,Apr,May,Jun,Jul,Aug,Sep,Oct,Nov,Dec,Jan,Feb,Mar,Apr,May,Jun,Jul,Aug,Sep,Oct,Nov,Dec,Jan,Feb,Mar,Apr,May,Jun,Jul,Aug,Sep,Oct,Nov,Dec,Jan,Feb,Mar,Apr,May,Jun,Jul,Aug,Sep,Oct,Nov,Dec,Jan,Feb,Mar,Apr,May,Jun,Jul,Aug,Sep,Oct,Nov,Dec,Jan,Feb,Mar,Apr,May,Jun,Jul,Aug,Sep,Oct,Nov,Dec,Jan,Feb,Mar,Apr,May,Jun,Jul,Aug,Sep,Oct,Nov,Dec,Jan,Feb,Mar,Apr,May,Jun,Jul,Aug,Sep,Oct,Nov,Dec,Jan,Feb,Mar,Apr,May,Jun,Jul,Aug,Sep,Oct,Nov,Dec,Jan,Feb,Mar,Apr,May,Jun,Jul,Aug,Sep,Oct,Nov,Dec,Jan,Feb,Mar,Apr,May,Jun,Jul,Aug,Sep,Oct,Nov,Dec,Jan,Feb,Mar,Apr,May,Jun,Jul,Aug,Sep,Oct,Nov,Dec,Jan,Feb,Mar,Apr,May,Jun,Jul,Aug,Sep,Oct,Nov,Dec,Jan,Feb,Mar,Apr,May,Jun,Jul,Aug,Sep,Oct,Nov,Dec,Jan,Feb,Mar,Apr,May,Jun,Jul,Aug,Sep,Oct,Nov,Dec,Jan,Feb,Mar,Apr,May,Jun,Jul,Aug,Sep,Oct,Nov,Dec,Jan,Feb,Mar,Apr,May,Jun,Jul,Aug,Sep,Oct,Nov,Dec,Jan,Feb,Mar,Apr,May,Jun,Jul,Aug,Sep,Oct,Nov,Dec,Jan,Feb,Mar,Apr,May,Jun,Jul,Aug,Sep,Oct,Nov,Dec,Jan,Feb,Mar,Apr,May,Jun,Jul,Aug,Sep,Oct,Nov,Dec,Jan,Feb,Mar,Apr,May,Jun,Jul,Aug,Sep,Oct,Nov,Dec,Jan,Feb,Mar,Apr,May,Jun,Jul,Aug,Sep,Oct,Nov,Dec,Jan,Feb,Mar,Apr,May,Jun,Jul,Aug,Sep,Oct,Nov,Dec,Jan,Feb,Mar,Apr,May,Jun,Jul,Aug,Sep,Oct,Nov,Dec,Jan,Feb,Mar,Apr,May,Jun,Jul,Aug,Sep,Oct,Nov,Dec,Jan,Feb,Mar,Apr,May,Jun,Jul,Aug,Sep,Oct,Nov,Dec,Jan,Feb,Mar,Apr,May,Jun,Jul,Aug,Sep,Oct,Nov,Dec,,99% DB,99% DP,1% DB,1% WB,1% DP,HDD50,HDD65,CDD60,CDD65,,99% DB,99% DP,1% DB,1% WB,1% DP,HDD50,HDD65,CDD60,CDD65,,,,
TABLE WeatherCliZnDsgnDay,,,,,,,,,,,,,,,,,,,,,,,,,,,,,,,,,,,,,,,,,,,,,,,,,,,,,,,,,,,,,,,,,,,,,,,,,,,,,,,,,,,,,,,,,,,,,,,,,,,,,,,,,,,,,,,,,,,,,,,,,,,,,,,,,,,,,,,,,,,,,,,,,,,,,,,,,,,,,,,,,,,,,,,,,,,,,,,,,,,,,,,,,,,,,,,,,,,,,,,,,,,,,,,,,,,,,,,,,,,,,,,,,,,,,,,,,,,,,,,,,,,,,,,,,,,,,,,,,,,,,,,,,,,,,,,,,,,,,,,,,,,,,,,,,,,,,,,,,,,,,,,,,,,,,,,,,,,,,,,,,,,,,,,,,,,,,,,,,,,,,,,,,,,,,,,,,,,,,,,,,,,,,,,,,,,,,,,,,,,,,,,,,,,,,,,,,,,,,,,,,,,,,,,,,,,,,,,,,,,,,,,,,,,,,,,,,,,,,,,,,,,,,,,,,,,,,,,,,,,,,,,,,,,,,,,,,,,,,,,,,,,,,,,,,,,,,,,,,,,,,,,,,,,,,,,,,,,,,,,,,,,,,,,,,,,,,,,,,,,,,,,,,,,,,,,,,,,,,,,,,,,,,,,,,,,,,,,,,,,,,,,,,,,,,,,,,,,,,,,,,,,,,,,,
,Weather_FileName,CA_Climate_Zone,Region,Country,Prov_State,Station_Name,WMO,WBAN,Lat,Lon,Elev,StdP,TZ_Offset,TZ_Code,Period,Climate_Zone,Coldest_Month,DB996,DB990,DP996,HR_DP996,MCDB_DP996,DP990,HR_DP996,MCDB_DP990,WS004,MCDB_WS004,WS010,MCDB_WS010,MCWS_DB996,PCWD_DB996,WSF,Hottest_Month,MDBR_HM,DB004,MCWB_DB004,DB010,MCWB_DB010,DB020,MCWB_DB020,WB004,MCDB_WB004,WB010,MCDB_WB010,WB020,MCDB_WB020,MCWS_DB004,PCWD_DB004,DP004,HR_DP004,MCDB_DP004,DP010,HR_DP010,MCDB_DP010,DP020,HR_DP020,MCDB_DP020,Enth004,MCDB_Enth004,Enth010,MCDB_Enth010,Enth020,MCDB_Enth020,WBExtMax,WSExt010,WSExt025,WSExt_050,DBMeanMin,DBMeanMax,DBStdDevMeanMin,DBStdDevMeanMax,DB5yrMin,DB5yrMax,DB10yrMin,DB10yrMax,DB20yrMin,DB20yrMax,DB50yrMin,DB50yrMax,WBMeanMin,WBStdDevMeanMax,WBStdDevMeanMin,WBMeanMax,WB5yrMin,WB5yrMax,WB10yrMin,WB10yrMax,WB20yrMin,WB20yrMax,WB50yrMin,WB50yrMax,DBAvg_Yr,DBAvg_Jan,DBAvg_Feb,DBAvg_Mar,DBAvg_Apr,DBAvg_May,DBAvg_Jun,DBAvg_Jul,DBAvg_Aug,DBAvg_Sep,DBAvg_Oct,DBAvg_Nov,DBAvg_Dec,DBStdDev_Yr,DBStdDev_Jan,DBStdDev_Feb,DBStdDev_Mar,DBStdDev_Apr,DBStdDev_May,DBStdDev_Jun,DBStdDev_Jul,DBStdDev_Aug,DBStdDev_Sep,DBStdDev_Oct,DBStdDev_Nov,DBStdDev_Dec,HDD50_Yr,HDD50_Jan,HDD50_Feb,HDD50_Mar,HDD50_Apr,HDD50_May,HDD50_Jun,HDD50_Jul,HDD50_Aug,HDD50_Sep,HDD50_Oct,HDD50_Nov,HDD50_Dec,HDD65_Yr,HDD65_Jan,HDD65_Feb,HDD65_Mar,HDD65_Apr,HDD65_May,HDD65_Jun,HDD65_Jul,HDD65_Aug,HDD65_Sep,HDD65_Oct,HDD65_Nov,HDD65_Dec,CDD50_Yr,CDD50_Jan,CDD50_Feb,CDD50_Mar,CDD50_Apr,CDD50_May,CDD50_Jun,CDD50_Jul,CDD50_Aug,CDD50_Sep,CDD50_Oct,CDD50_Nov,CDD50_Dec,CDD65_Yr,CDD65_Jan,CDD65_Feb,CDD65_Mar,CDD65_Apr,CDD65_May,CDD65_Jun,CDD65_Jul,CDD65_Aug,CDD65_Sep,CDD65_Oct,CDD65_Nov,CDD65_Dec,CDD74_Yr,CDD74_Jan,CDD74_Feb,CDD74_Mar,CDD74_Apr,CDD74_May,CDD74_Jun,CDD74_Jul,CDD74_Aug,CDD74_Sep,CDD74_Oct,CDD74_Nov,CDD74_Dec,CDH80_Yr,CDH80_Jan,CDH80_Feb,CDH80_Mar,CDH80_Apr,CDH80_May,CDH80_Jun,CDH80_Jul,CDH80_Aug,CDH80_Sep,CDH80_Oct,CDH80_Nov,CDH80_Dec,WSAvg_Yr,WSAvg_Jan,WSAvg_Feb,WSAvg_Mar,WSAvg_Apr,WSAvg_May,WSAvg_Jun,WSAvg_Jul,WSAvg_Aug,WSAvg_Sep,WSAvg_Oct,WSAvg_Nov,WSAvg_Dec,PrecipAvg_Yr,PrecipAvg_Jan,PrecipAvg_Feb,PrecipAvg_Mar,PrecipAvg_Apr,PrecipAvg_May,PrecipAvg_Jun,PrecipAvg_Jul,PrecipAvg_Aug,PrecipAvg_Sep,PrecipAvg_Oct,PrecipAvg_Nov,PrecipAvg_Dec,PrecipMax_Yr,PrecipMax_Jan,PrecipMax_Feb,PrecipMax_Mar,PrecipMax_Apr,PrecipMax_May,PrecipMax_Jun,PrecipMax_Jul,PrecipMax_Aug,PrecipMax_Sep,PrecipMax_Oct,PrecipMax_Nov,PrecipMax_Dec,PrecipMin_Yr,PrecipMin_Jan,PrecipMin_Feb,PrecipMin_Mar,PrecipMin_Apr,PrecipMin_May,PrecipMin_Jun,PrecipMin_Jul,PrecipMin_Aug,PrecipMin_Sep,PrecipMin_Oct,PrecipMin_Nov,PrecipMin_Dec,PrecipStdDev_Yr,PrecipStdDev_Jan,PrecipStdDev_Feb,PrecipStdDev_Mar,PrecipStdDev_Apr,PrecipStdDev_May,PrecipStdDev_Jun,PrecipStdDev_Jul,PrecipStdDev_Aug,PrecipStdDev_Sep,PrecipStdDev_Oct,PrecipStdDev_Nov,PrecipStdDev_Dec,DB004_Jan,DB004_Feb,DB004_Mar,DB004_Apr,DB004_May,DB004_Jun,DB004_Jul,DB004_Aug,DB004_Sep,DB004_Oct,DB004_Nov,DB004_Dec,MCWB_DB004_Jan,MCWB_DB004_Feb,MCWB_DB004_Mar,MCWB_DB004_Apr,MCWB_DB004_May,MCWB_DB004_Jun,MCWB_DB004_Jul,MCWB_DB004_Aug,MCWB_DB004_Sep,MCWB_DB004_Oct,MCWB_DB004_Nov,MCWB_DB004_Dec,DB020_Jan,DB020_Feb,DB020_Mar,DB020_Apr,DB020_May,DB020_Jun,DB020_Jul,DB020_Aug,DB020_Sep,DB020_Oct,DB020_Nov,DB020_Dec,MCWB_DB020_Jan,MCWB_DB020_Feb,MCWB_DB020_Mar,MCWB_DB020_Apr,MCWB_DB020_May,MCWB_DB020_Jun,MCWB_DB020_Jul,MCWB_DB020_Aug,MCWB_DB020_Sep,MCWB_DB020_Oct,MCWB_DB020_Nov,MCWB_DB020_Dec,DB050_Jan,DB050_Feb,DB050_Mar,DB050_Apr,DB050_May,DB050_Jun,DB050_Jul,DB050_Aug,DB050_Sep,DB050_Oct,DB050_Nov,DB050_Dec,MCWB_DB050_Jan,MCWB_DB050_Feb,MCWB_DB050_Mar,MCWB_DB050_Apr,MCWB_DB050_May,MCWB_DB050_Jun,MCWB_DB050_Jul,MCWB_DB050_Aug,MCWB_DB050_Sep,MCWB_DB050_Oct,MCWB_DB050_Nov,MCWB_DB050_Dec,DB100_Jan,DB100_Feb,DB100_Mar,DB100_Apr,DB100_May,DB100_Jun,DB100_Jul,DB100_Aug,DB100_Sep,DB100_Oct,DB100_Nov,DB100_Dec,MCWB_DB100_Jan,MCWB_DB100_Feb,MCWB_DB100_Mar,MCWB_DB100_Apr,MCWB_DB100_May,MCWB_DB100_Jun,MCWB_DB100_Jul,MCWB_DB100_Aug,MCWB_DB100_Sep,MCWB_DB100_Oct,MCWB_DB100_Nov,MCWB_DB100_Dec,WB004_Jan,WB004_Feb,WB004_Mar,WB004_Apr,WB004_May,WB004_Jun,WB004_Jul,WB004_Aug,WB004_Sep,WB004_Oct,WB004_Nov,WB004_Dec,MCDB_WB004_Jan,MCDB_WB004_Feb,MCDB_WB004_Mar,MCDB_WB004_Apr,MCDB_WB004_May,MCDB_WB004_Jun,MCDB_WB004_Jul,MCDB_WB004_Aug,MCDB_WB004_Sep,MCDB_WB004_Oct,MCDB_WB004_Nov,MCDB_WB004_Dec,WB020_Jan,WB020_Feb,WB020_Mar,WB020_Apr,WB020_May,WB020_Jun,WB020_Jul,WB020_Aug,WB020_Sep,WB020_Oct,WB020_Nov,WB020_Dec,MCDB_WB020_Jan,MCDB_WB020_Feb,MCDB_WB020_Mar,MCDB_WB020_Apr,MCDB_WB020_May,MCDB_WB020_Jun,MCDB_WB020_Jul,MCDB_WB020_Aug,MCDB_WB020_Sep,MCDB_WB020_Oct,MCDB_WB020_Nov,MCDB_WB020_Dec,WB050_Jan,WB050_Feb,WB050_Mar,WB050_Apr,WB050_May,WB050_Jun,WB050_Jul,WB050_Aug,WB050_Sep,WB050_Oct,WB050_Nov,WB050_Dec,MCDB_WB050_Jan,MCDB_WB050_Feb,MCDB_WB050_Mar,MCDB_WB050_Apr,MCDB_WB050_May,MCDB_WB050_Jun,MCDB_WB050_Jul,MCDB_WB050_Aug,MCDB_WB050_Sep,MCDB_WB050_Oct,MCDB_WB050_Nov,MCDB_WB050_Dec,WB100_Jan,WB100_Feb,WB100_Mar,WB100_Apr,WB100_May,WB100_Jun,WB100_Jul,WB100_Aug,WB100_Sep,WB100_Oct,WB100_Nov,WB100_Dec,MCDB_WB100_Jan,MCDB_WB100_Feb,MCDB_WB100_Mar,MCDB_WB100_Apr,MCDB_WB100_May,MCDB_WB100_Jun,MCDB_WB100_Jul,MCDB_WB100_Aug,MCDB_WB100_Sep,MCDB_WB100_Oct,MCDB_WB100_Nov,MCDB_WB100_Dec,MDBR_Jan,MDBR_Feb,MDBR_Mar,MDBR_Apr,MDBR_May,MDBR_Jun,MDBR_Jul,MDBR_Aug,MDBR_Sep,MDBR_Oct,MDBR_Nov,MDBR_Dec,MDBR_DB050_Jan,MDBR_DB050_Feb,MDBR_DB050_Mar,MDBR_DB050_Apr,MDBR_DB050_May,MDBR_DB050_Jun,MDBR_DB050_Jul,MDBR_DB050_Aug,MDBR_DB050_Sep,MDBR_DB050_Oct,MDBR_DB050_Nov,MDBR_DB050_Dec,MWBR_DB050_Jan,MWBR_DB050_Feb,MWBR_DB050_Mar,MWBR_DB050_Apr,MWBR_DB050_May,MWBR_DB050_Jun,MWBR_DB050_Jul,MWBR_DB050_Aug,MWBR_DB050_Sep,MWBR_DB050_Oct,MWBR_DB050_Nov,MWBR_DB050_Dec,MCDB_WB050_Jan,MCDB_WB050_Feb,MCDB_WB050_Mar,MCDB_WB050_Apr,MCDB_WB050_May,MCDB_WB050_Jun,MCDB_WB050_Jul,MCDB_WB050_Aug,MCDB_WB050_Sep,MCDB_WB050_Oct,MCDB_WB050_Nov,MCDB_WB050_Dec,MWBR_WB050_Jan,MWBR_WB050_Feb,MWBR_WB050_Mar,MWBR_WB050_Apr,MWBR_WB050_May,MWBR_WB050_Jun,MWBR_WB050_Jul,MWBR_WB050_Aug,MWBR_WB050_Sep,MWBR_WB050_Oct,MWBR_WB050_Nov,MWBR_WB050_Dec,Taub_Jan,Taub_Feb,Taub_Mar,Taub_Apr,Taub_May,Taub_Jun,Taub_Jul,Taub_Aug,Taub_Sep,Taub_Oct,Taub_Nov,Taub_Dec,Taud_Jan,Taud_Feb,Taud_Mar,Taud_Apr,Taud_May,Taud_Jun,Taud_Jul,Taud_Aug,Taud_Sep,Taud_Oct,Taud_Nov,Taud_Dec,DNINoon_Jan,DNINoon_Feb,DNINoon_Mar,DNINoon_Apr,DNINoon_May,DNINoon_Jun,DNINoon_Jul,DNINoon_Aug,DNINoon_Sep,DNINoon_Oct,DNINoon_Nov,DNINoon_Dec,DHINoon_Jan,DHINoon_Feb,DHINoon_Mar,DHINoon_Apr,DHINoon_May,DHINoon_Jun,DHINoon_Jul,DHINoon_Aug,DHINoon_Sep,DHINoon_Oct,DHINoon_Nov,DHINoon_Dec,GHRAvg_Jan,GHRAvg_Feb,GHRAvg_Mar,GHRAvg_Apr,GHRAvg_May,GHRAvg_Jun,GHRAvg_Jul,GHRAvg_Aug,GHRAvg_Sep,GHRAvg_Oct,GHRAvg_Nov,GHRAvg_Dec,GHRStdDev_Jan,GHRStdDev_Feb,GHRStdDev_Mar,GHRStdDev_Apr,GHRStdDev_May,GHRStdDev_Jun,GHRStdDev_Jul,GHRStdDev_Aug,GHRStdDev_Sep,GHRStdDev_Oct,GHRStdDev_Nov,GHRStdDev_Dec,StDBAvg,StHtgDB990,StHtgDP990,StClgDB010,StClgWB010,StClgDP010,StHDD50,StHDD65,StCDD60,StCDD65,RegDBAvg,RegHtgDB990,RegHtgDP990,RegClgDB010,RegClgWB010,RegClgDP010,RegHDD50,RegHDD65,RegCDD60,RegCDD65,Neighbors,EPWHash,,Weather_FileName_Lookup
,15FSSP3A5PW,15,4,USA,CA,PALM SPRINGS,722868,93138,33.822,-116.504,409,14.48,-8,NAP,98-19,1B,12,41.2,43.9,-0.1,5.5,64.6,4.3,6.9,66.2,23.3,61.4,18.9,61.8,4,330,0.442,7,25.8,112.4,70.2,109.7,70.2,107.8,69.8,78.3,97.9,76.9,97.2,75.3,97.6,10,320,72.8,123.6,90.4,70.3,113.4,90.9,67.1,101.1,91.8,42.1,96.9,40.4,96.9,38.9,97.5,89.8,22.9,19.9,17.8,35.6,117.5,3.1,2.7,33.3,119.4,31.5,121,29.7,122.5,27.4,124.5,29,81.3,2.6,3.7,27.1,84,25.6,86.2,24.2,88.3,22.3,91,75.4,59.2,61.2,67.4,72.3,79.5,88.1,93.9,93.2,87.7,77.2,66.3,57.6,14.15,6.12,6.57,7.11,7.18,7.23,6.27,4.27,4.34,6.05,6.54,6.79,5.52,12,6,1,0,0,0,0,0,0,0,0,0,5,723,197,142,58,19,2,0,0,0,0,3,64,238,9275,290,314,540,670,914,1142,1362,1340,1131,843,488,241,4510,16,35,133,239,450,692,897,875,681,381,102,9,67829,181,405,1576,2955,6127,10909,15128,14611,10351,4478,1014,94,43740,23,93,622,1438,3604,7386,10812,10343,6731,2330,349,9,6.5,5,5.3,6.5,8,8.9,8.1,7.2,6.5,6.5,6.1,5.2,4.8,4.9,1,0.8,0.5,0.1,0.1,0,0.2,0.4,0.4,0.2,0.7,0.7,13.7,4.3,5.4,2.1,1,1.1,0.8,2.6,4.3,4.2,1.9,6.3,2.9,1.4,0,0,0,0,0,0,0,0,0,0,0,0,3.3,1.3,1.1,0.6,0.2,0.2,0.2,0.5,0.9,0.9,0.4,1.2,0.8,82.4,86.9,95.2,100.6,108.4,115,116.9,115.1,110.5,101.9,92.1,81.2,54.5,56.5,61,63.8,69.3,68,74,71.4,68.7,65.2,59.4,55.1,79,82.8,90.5,96.5,103.6,110.5,112.7,111.4,107.7,98.8,88.1,76.6,53.7,55.3,59.8,61.6,65.2,68,70.8,71,68.8,64,58.4,53.7,75.2,79.4,87.1,92.5,100,107.7,109.7,108.9,105.1,94.9,84,72.8,52.3,54.6,58.3,60.5,65.8,67.4,71.2,70.8,67.9,62.4,57.3,52,72.1,75,82.9,88.5,96.7,104.5,107.6,106.4,102,91.4,80.4,69.9,51.4,53,57.2,59.1,63.5,66.8,70.9,70.7,67.6,61.6,56,50.8,59.3,60.4,64.8,67.8,73.5,78.4,80.5,81,77.6,70.8,62.6,59.3,73.4,75.4,84.8,91.9,97.9,98.3,100.2,100.3,94.1,86.8,82.3,72.2,57.1,57.9,62.1,64.1,70.2,74,78.2,78.6,75.7,68.3,60.3,56.8,68.6,73.7,83.3,90.6,96.9,98.8,97.6,98.7,94.6,89.9,81.5,68.9,55.2,56.2,60.2,62.1,67.3,71.5,76.8,77,74,65.9,58.8,54.7,68.2,73,81.8,87.4,94.2,99.7,97.4,97.9,94.9,89.1,79.8,67.2,53.4,54.8,58.7,60.4,65.4,69.5,75.3,75.3,72.1,63.9,57.2,52.8,68.4,71.3,79.6,84.2,91.6,98.3,98.2,98,94.1,86.7,76.8,66,21.3,21.7,24,25,26.3,29,25.8,25.7,25.3,24,22.5,20.8,25.4,27.1,28.6,29.9,30.3,31.9,28.8,28.1,28.1,27.4,26.5,24.8,11.3,11.3,10,9.9,9.3,8.3,8.1,8.6,8.2,10,11.3,11.4,20.7,23.2,26.8,27.8,28.6,29,22.1,20.8,20.9,24,23.8,20.9,9.8,10.3,10.1,10.1,10,11,10.4,11.7,9.7,9.5,10.8,10.2,0.307,0.312,0.331,0.35,0.365,0.368,0.401,0.391,0.359,0.349,0.313,0.315,2.49,2.488,2.422,2.381,2.369,2.376,2.372,2.385,2.447,2.423,2.512,2.496,288,298,300,297,292,289,279,281,287,280,284,278,27,30,35,38,39,39,39,37,34,32,26,26,1054,1349,1823,2234,2509,2684,2438,2279,1988,1559,1171,954,71,118,85,72,100,101,116,98,74,78,49,58,1.08,N/A,-3.69,1.51,-1.48,N/A,N/A,-176,482,310,1.04,N/A,-2.92,1.12,N/A,N/A,N/A,-167,367,193,47,b15b797992ad4e61cf614591e820cca8250c7be7b73eec4377e2752bdbd6861b,;,CA_Title24_2025_CZ15_PALM-SPRINGS
,10FSSP3A5PW,10,4,USA,CA,RIVERSIDE,722869,3171,33.952,-117.439,804,14.27,-8,NAP,98-19,3B,12,36.6,38.9,1.1,6,61.7,6.6,8,64.5,26.6,62.4,23.4,63.1,2.6,60,0.398,8,29.2,100.7,69.1,98.3,68.6,95.1,67.4,72.9,93.6,71.4,91.9,70.1,90,10.3,270,66.2,99.3,80.2,64.2,92.6,78.6,63.2,89.4,77.3,36.8,93.7,35.6,91.9,34.5,90.5,84,18.6,16.1,13.6,32.2,107.8,2.4,3.8,30.4,110.5,29,112.7,27.7,114.9,25.9,117.6,28.4,75,1.7,1.4,27.2,76,26.1,76.8,25.2,77.6,23.9,78.6,66.3,56.4,56.4,59.6,62.6,67.3,72.8,78.8,79.2,76.4,69,61.2,55.2,10.34,6.35,6.37,6.15,6.14,5.37,5.16,4.81,4.73,6.01,6.14,6.36,5.58,46,14,10,3,1,0,0,0,0,0,0,2,16,1357,277,252,188,117,35,3,0,0,1,29,147,308,5989,212,188,302,378,535,683,891,905,792,588,339,176,1823,9,10,22,44,105,236,426,440,343,151,34,3,20881,179,249,452,739,1227,2466,4581,4837,3697,1776,575,103,10632,29,62,137,283,528,1209,2533,2759,2038,843,200,11,4.9,4.9,4.6,4.8,5.2,5.5,5.5,5.4,4.9,4.4,4.3,4.4,4.7,11.6,2.4,3,1.6,0.7,0.2,0.1,0.2,0.1,0.2,0.4,1,1.7,22.2,11.3,11.2,6.6,2.4,2,0.7,1.5,0.4,1.5,5.5,2.1,8.5,4.1,0.1,0.1,0,0,0,0,0,0,0,0,0.2,0.2,5.3,2.9,2.5,1.5,0.6,0.4,0.2,0.3,0.1,0.3,1,0.5,1.8,83.6,85.9,89.8,93.4,97.2,101.1,103.5,104.4,104.4,98.9,91,81.4,54.8,56,59,60.2,64.5,67.5,70.2,69.5,68.6,64,58.5,54.6,79.1,81.4,83.7,87.7,90.9,95.2,99.2,100.1,99.8,93.7,85.8,77,53.4,54.7,57.2,59,63.1,67.3,70.5,69.8,68.6,61.2,57,52.5,74.9,76.4,79.2,82.2,86.3,91,95.9,97.2,95.9,89.7,81,72.5,52.1,53.6,56.4,57.9,62.5,66.4,69.4,69,67.6,60.6,55.4,50.9,70.9,70.3,74,77.4,81.2,87.7,92.6,93.3,91.4,84.2,75.5,68,51,51.7,55.2,57,61.8,65.6,68.6,68.1,66.7,59.9,53.7,50.1,59.9,60.4,63.3,64.8,69.2,71.1,74.8,75.4,74.3,68.8,62,59.3,71.9,73,80.9,85.7,90.7,94.2,97,94.7,95.4,84.5,75.2,68,57.3,57.8,60.8,62.1,66.7,69.3,72.8,72.7,72.1,66.3,59.9,57.3,66.5,70.7,77.2,80.7,85.6,91.3,93.7,93.1,91.8,83.9,75.1,65.3,55.4,56,59,60,64.6,67.9,71.3,71.1,70.2,64.4,58.3,55.3,66,68.7,73.5,77.3,81.8,87.9,91.4,92,89.5,81.1,72.4,64.3,53.7,54.4,57.2,58.4,62.6,66.4,69.8,69.5,68.4,62.6,57,53.4,64.9,65.3,69.9,73.5,77.8,84.3,88.7,89.9,86.7,77.3,69.8,62.4,23.3,22.6,24,24.5,24.1,26.6,28.1,29.2,28.3,26,25.2,22.8,31,33.4,32.7,34.3,34,33.1,31,32.5,33.9,35.4,33.7,31.7,13.8,14,13.4,13.1,12.7,11.2,10.2,11.3,11.3,13.1,13.7,14.7,23.8,25.6,27.9,29.9,29.9,30.5,28.4,29.7,29.8,28.9,26,22.6,12.2,12.1,12.7,12.5,11.9,11,9.8,10.8,10.9,11.4,12,12,0.303,0.313,0.335,0.349,0.356,0.362,0.383,0.367,0.35,0.34,0.305,0.305,2.547,2.534,2.45,2.416,2.429,2.423,2.428,2.46,2.494,2.493,2.582,2.576,290,299,298,297,294,291,284,288,290,284,288,283,26,29,34,37,37,37,36,35,32,30,24,24,1027,1311,1763,2142,2344,2522,2427,2297,1956,1491,1143,931,70,128,87,96,124,128,113,58,60,90,56,65,2.03,2.61,N/A,0.85,N/A,N/A,N/A,-409,783,443,1.13,N/A,-3.06,1.3,N/A,N/A,N/A,-202,401,202,51,0d452af3592e6f8139876ec62c053e585f53610ae63b88b3537aa35bd27d57e8,;,CA_Title24_2025_CZ10_RIVERSIDE
,09FSSP3A5PW,9,4,USA,CA,HOLLYWOOD BURBANK,722880,23152,34.201,-118.358,775,14.29,-8,NAP,94-19,3A,12,38.9,41.3,5.3,7.4,63.2,11.3,10.1,62.8,25,59,20.8,58.5,1.7,350,0.387,8,23.2,97.9,67.8,94.3,66.8,91.2,66.1,72.4,89.8,70.9,87.6,69.3,85.5,8.4,180,66.4,100.2,78,65.1,95.7,77,63.8,91.1,75.3,36.4,89.7,35,87.6,33.8,85.9,82.9,18.1,14.8,12.6,34.2,105.4,2.3,3.8,32.5,108.1,31.1,110.4,29.8,112.5,28.1,115.2,28.9,75,2.3,3.2,27.2,77.3,25.8,79.2,24.6,81,22.9,83.3,65.4,56.6,56.7,60,62.5,65.7,70.4,75.8,77.1,74.8,68.2,61.2,55.6,9.39,5.79,5.95,5.91,6.31,5.7,5.26,4.78,4.98,6.11,6.02,5.93,5.18,31,9,8,2,1,0,0,0,0,0,0,1,10,1345,267,241,176,122,57,8,0,0,2,32,145,295,5662,213,195,313,374,488,612,801,840,743,564,336,183,1502,7,8,22,46,80,170,336,375,294,131,30,3,14776,140,170,345,587,779,1419,2981,3605,2879,1372,423,76,6519,20,40,98,207,307,557,1328,1786,1427,602,138,9,5.3,4.5,5,5.3,6.2,6.2,6.2,6.3,5.7,5.1,4.5,3.9,4.4,15.9,3.6,4.2,2.2,0.9,0.4,0.1,0,0,0.2,0.7,1.1,2.4,29.5,16,14.6,7,2.4,4,0.8,0.3,0.1,2.3,5.4,2.6,9.7,6.5,0.2,0.1,0,0,0,0,0,0,0,0,0,0,7.3,3.9,3.7,2.1,0.7,0.8,0.2,0.1,0,0.5,1.1,0.8,2.3,82.7,84.9,88.4,91.7,94.6,98.4,99.3,101.1,101.9,96.9,89.8,81,54.7,57,58.7,59.5,63.2,67,70.8,68.7,69.3,63.1,58.8,54.7,78.3,79.7,82.2,86,88.3,91,93.5,97.1,97.1,91.4,83.9,75.4,53.4,54.6,57.3,58.6,62.9,66.9,68.7,68.6,67.6,60.8,57.2,52.8,73.5,73.8,77.4,81,82.3,86.1,90.5,93.1,92.8,87.2,78.9,71.6,52.1,53.7,55.9,57.6,62.1,65.4,68.3,68,66.7,60.3,55.4,51.5,69.5,69,72.8,75.7,77.3,81.9,87.7,90,88.5,81.9,73.6,66.6,51.4,52.4,55,56.5,61.5,65.2,68,67.7,65.7,59.9,54.3,50.7,60.2,60.8,62.7,65.3,69.3,71.2,75.4,74.4,73.4,69.7,62.4,59.4,67.4,75.4,78.7,83.2,85.7,88.3,91.7,92.2,93.6,84.4,74.7,67.2,57.5,58.2,60.4,62.3,66.4,68.8,72.3,72.2,71.1,66.8,60.6,57.4,65.8,69.4,74.2,78,81.3,85.8,88.2,90,89.1,80,72.2,65.7,55.9,56.3,58.9,60.1,64.4,67.2,70.5,70.6,69.3,64.7,59.2,55.7,64.2,66.4,71.6,73.8,77.9,82.8,85.7,88,85.9,77.7,70.4,63.3,54.3,54.8,57.3,58.4,62.4,65.7,68.9,69,67.9,62.9,57.6,54,63.3,64.4,68.2,71,74,80.3,83.6,85.5,83.3,74.4,68.1,61.7,20.8,19.9,20.1,20,18.3,19.7,21.9,23.2,22.5,22,22.5,20.8,29.1,29.8,29.3,29.6,27.3,27.5,25.7,27.8,28.6,31.2,30.9,29.1,13.3,13.5,12.5,11.9,11.4,10.7,9.6,10.9,11.1,12.5,13.6,14,20,22.1,23.4,23.6,23.2,24.2,23.2,24.6,24.3,23.7,23.2,19.7,10.9,11.5,11.5,10.8,10.5,9.9,9.2,10.3,10.1,11.2,12.1,11.2,0.332,0.344,0.369,0.379,0.381,0.401,0.4,0.378,0.367,0.374,0.319,0.319,2.465,2.445,2.357,2.334,2.361,2.311,2.378,2.416,2.443,2.382,2.546,2.534,277,286,287,288,287,280,279,285,284,271,281,276,28,31,37,40,39,41,38,36,34,33,25,25,994,1275,1718,2107,2315,2464,2423,2294,1938,1466,1119,905,75,135,99,107,142,136,115,67,63,98,60,68,N/A,N/A,-2.88,N/A,N/A,N/A,N/A,N/A,N/A,N/A,1.15,N/A,-2.97,1.31,N/A,N/A,N/A,-212,405,194,52,55929eaadd9e78365ada0c3820bc231e4c5cdf625fdceff682ec8eb0c6d528fe,;,CA_Title24_2025_CZ09_HOLLYWOOD-BURBANK
,07FSSP3A5PW,7,4,USA,CA,SAN DIEGO INTL,722900,23188,32.734,-117.183,15,14.69,-8,NAP,94-19,3B,12,45.3,47.2,16.8,12.9,61.2,21.9,16.4,61.5,20.2,59.7,17.9,59.6,1.8,340,0.353,8,8.6,84.8,64.4,81.6,65.6,79,65.8,71.4,78.4,70.3,77,69.3,75.6,8.5,300,68.9,106.1,75.1,67.7,102,74.4,66.7,98.4,73.6,35.2,78.6,34.3,77.2,33.3,75.8,76.1,16.7,14.6,12.7,41.7,92.5,2,4.5,40.3,95.7,39.1,98.4,37.9,100.9,36.4,104.2,34.3,73.3,2.2,1.8,32.7,74.6,31.4,75.6,30.1,76.6,28.5,77.9,64.1,58,58.3,60.2,61.9,64,66.4,70.1,71.8,71.1,67.4,62.2,57.5,6.22,4.08,3.91,3.72,3.94,3.43,2.92,3.21,3.27,3.97,4.06,4.29,3.62,1,1,0,0,0,0,0,0,0,0,0,0,0,1101,221,192,156,108,57,15,1,0,0,16,103,232,5157,248,232,318,358,435,493,622,676,634,540,367,234,784,3,4,9,17,27,58,158,211,184,91,21,1,2415,37,40,72,109,105,67,271,548,614,386,154,12,469,2,6,15,27,36,10,21,70,126,114,42,0,5.9,4.7,5.7,6.1,6.9,6.9,6.8,6.5,6.4,6.2,5.2,4.5,4.5,8.7,1.7,1.6,1.6,0.7,0.2,0,0,0,0.2,0.3,1.2,1.3,19.9,6.1,6.9,6.3,2.9,1.3,0.7,0.1,0.3,1.4,2,5.7,5.6,2.6,0,0,0,0,0,0,0,0,0,0,0,0.2,3.9,1.7,1.7,1.6,0.8,0.3,0.1,0,0,0.4,0.4,1.3,1.2,78.5,79.8,81.6,83.9,84.9,80.4,82.4,85.7,88.9,88.9,85.7,75.6,54.4,55.3,58,57.2,58.6,66.8,69.7,69.6,69,62.2,59.2,52.9,73.6,73.2,74.6,76.4,75.2,75.3,79.3,81.8,83.3,83,78.1,70.9,53.2,54.3,55.7,57.4,61.9,65.8,68.8,69.7,68.7,61.3,56.5,53.7,69.5,68.6,69.8,71.5,70.9,72.5,76.9,79,80,77.8,73.2,67.3,53.6,54.3,56.3,58,61.7,64.4,68.1,69.1,69.1,62.5,56.3,54.2,65.5,65,66.4,68,68.4,70.9,74.9,76.9,77.3,74,69.5,64.7,53.8,54.7,56.4,58.3,60.6,63.3,67.2,68.3,68.3,63.2,57.7,54.9,60.9,61.2,62.2,63.4,66.1,68.4,71.9,72.8,73.3,70.3,64.9,62.2,64.6,66.4,70.1,70.3,73.1,76,79.3,81.2,81.6,77.6,69.8,65.6,59.3,59.5,60.2,61.7,64.2,66.8,69.9,71.2,71.7,67.9,63.1,60.2,63.6,64.6,67.1,68.9,70.7,73.6,76.6,78.2,78.7,74.6,68.1,64.2,58.2,58.3,59.1,60.3,62.8,65.5,68.9,70.1,70.5,66.3,61.8,58.9,62.6,63.4,65.3,67.2,68.8,71.6,75.1,76.7,77.1,72.6,67,63,57.1,57.2,58.1,59.3,61.7,64.2,67.9,69.2,69.3,64.9,60.4,57.5,61.9,62.3,63.9,65.8,67.4,70,73.9,75.4,75.6,71,65.9,61.8,14.5,12.8,11.3,10.4,8,7.6,8,8.6,9.5,11.5,13.9,14.5,22.1,20.7,19.3,18.7,12.8,10.7,10.3,11.4,14.2,20.4,22.2,20.1,11.1,10.4,9.5,9,6,4.6,4.2,4.7,6.2,11.6,12.4,11.9,13.5,13.1,12.4,13.3,10.7,11.2,9.8,10.9,12.3,14.1,14.5,13.1,8.7,7.9,7,6.9,5.2,4.8,4.2,4.6,5.6,8.6,9.4,8.7,0.317,0.328,0.341,0.352,0.372,0.371,0.4,0.399,0.365,0.372,0.325,0.328,2.55,2.532,2.479,2.453,2.418,2.424,2.426,2.408,2.479,2.432,2.555,2.545,288,295,298,297,290,289,280,279,286,275,282,277,26,29,33,36,37,37,37,37,33,32,26,25,1048,1324,1731,2086,2179,2260,2220,2145,1857,1451,1137,949,64,110,97,115,166,146,150,95,104,106,77,67,0.95,N/A,-2.65,1.69,N/A,N/A,N/A,-185,338,162,1.15,N/A,-2.86,1.37,N/A,N/A,N/A,-189,414,214,39,293ef0c79f628a3d15fa44f0c37230de626006050eb60d2a829334159880d833,;,CA_Title24_2025_CZ07_SAN-DIEGO-INTL
,06FSSP3A5PW,6,4,USA,CA,LOS ANGELES INTL,722950,23174,33.938,-118.389,97,14.64,-8,NAP,94-19,3C,2,45,47,12.2,10.3,62,17.5,13.4,61.2,25.6,57.5,22.4,56.6,4.2,80,0.408,8,10.3,84.7,63.3,81.3,64.2,78.6,64.3,70.5,78.2,69.3,76.3,68.2,75,8.6,260,67.6,101.8,74.6,66.4,97.7,73.5,65.4,94,72.6,34.5,78.2,33.4,76.7,32.5,74.9,76.1,20.3,17.6,16,40.4,94.3,2,4.3,38.9,97.4,37.7,99.9,36.6,102.3,35.1,105.4,33.7,72.1,2.4,2,32,73.5,30.5,74.7,29.2,75.8,27.4,77.2,63.4,57.9,57.6,59.1,60.6,63.2,66.1,69.3,70.2,69.8,66.8,62.1,57.6,6.28,4.89,4.73,4.12,4.35,3.52,2.67,3.07,3.35,4.13,4.92,5.08,4.2,4,2,1,0,0,0,0,0,0,0,0,0,1,1256,227,215,191,147,77,15,2,1,3,29,116,233,4894,248,213,283,318,409,483,599,628,593,521,363,236,672,8,7,9,15,21,48,136,164,146,86,29,3,2127,61,57,59,93,86,65,235,387,462,419,178,25,453,8,12,10,25,27,9,26,48,95,139,52,2,7.3,6.2,7.4,7.8,8.6,8.2,7.8,7.9,7.6,7.2,6.6,6.2,6.2,12.1,2.6,2.8,1.8,0.7,0.1,0.1,0,0,0.2,0.4,1.3,1.9,29.5,12.7,13.3,6.4,4.5,0.9,1,0.4,1.3,1.9,3.8,7.5,8.8,3.7,0,0,0,0,0,0,0,0,0,0,0,0,5.6,2.8,3,1.7,0.9,0.2,0.2,0.1,0.2,0.4,0.6,1.5,1.9,80.7,81.4,80.9,83.4,83.9,80.6,83.3,84.7,87.9,91,86.5,77.6,55.2,57,57.1,58.3,60.2,66.4,70.1,70,67,61.5,59,53.6,74.5,73.3,73.7,75.6,74.3,75.2,78.9,80.6,82.3,83.5,78.8,72,53.7,54.3,55.1,56.7,62.7,65.1,68.7,69,67.7,60.3,56.1,53.3,70.2,68.5,69,70.6,71.1,72.8,76.4,78,78.9,78.2,73.9,68.1,52.8,54,55.6,57.2,62.2,64.3,67.6,68,67.3,61.1,55.8,52.8,66,64.4,65.5,67.1,68.5,71.1,74.4,75.8,76.1,73.9,69.9,64.8,52.7,53.9,56.1,57.2,60.7,63.3,66.6,67.1,66.7,61.8,56.2,53,61.3,61.3,62,63.3,67.9,68.1,71.5,71.7,72.2,69.5,64.3,61.6,66.5,68.9,68.9,72.2,74.3,77.5,79.8,80.9,81.5,77.2,70.8,64.8,59.4,59.4,60.1,61,64.8,66.2,69.8,70.3,70.2,67.2,62.3,59.7,63.8,64.3,66.2,68.6,70.8,73.8,77.1,78.1,77.7,74.5,68.1,63.1,58,58.2,59,59.6,63.3,65,68.5,69.1,68.9,65.5,61.1,58.5,62.2,62.7,64.4,66.2,68.9,71.8,75,76.1,75.9,72,66.7,62.1,56.8,57,57.9,58.4,61.9,64,67.4,68,67.6,64.1,60,57.2,61.1,61.4,62.6,64.6,67.1,70.2,73.3,74.5,74.4,70.1,65.5,61.1,15.1,13.7,12.5,12.3,10.5,9.7,9.9,10.3,11,12.9,14.9,14.8,22.9,21.9,19.8,18.9,14.2,11.8,11.8,12.8,15.4,21.8,22.6,20.9,11.4,10.9,10,8.8,6.8,5.3,5.1,5.4,6.6,10,11.7,11.8,14.4,14.3,13.1,14.1,12.1,11.6,11.4,12.2,12.8,14.7,15.4,13.6,8.6,8.4,7.6,7.4,6.3,5.4,5,5.4,5.8,7.5,9,8.8,0.335,0.349,0.372,0.377,0.382,0.398,0.4,0.38,0.367,0.371,0.322,0.323,2.501,2.476,2.385,2.378,2.393,2.352,2.412,2.447,2.478,2.439,2.577,2.573,278,285,286,289,287,281,279,284,284,273,281,276,27,31,36,38,38,40,37,35,33,31,25,24,998,1280,1712,2096,2260,2349,2353,2240,1891,1435,1111,905,73,127,98,110,158,146,129,77,80,108,69,69,0.72,N/A,-2.88,N/A,N/A,N/A,N/A,N/A,250,N/A,1.15,N/A,-2.97,1.31,N/A,N/A,N/A,-212,405,194,52,0939d3db8f010600198ccec909c9a6febe0aa35b41007b4816bca492edb20e3d,;,CA_Title24_2025_CZ06_LOS-ANGELES-INTL
,08FSSP3A5PW,8,4,USA,CA,FULLERTON,722976,3166,33.872,-117.979,96,14.64,-8,NAP,98-19,3B,12,40,42.8,8.8,8.7,68.1,15.2,11.9,69.9,18.9,66.7,16.3,64.7,1.2,90,0.327,8,19,95.3,66.8,91.7,66.8,88.7,66.2,72.4,87.4,71.1,85.3,69.9,83.1,6.5,210,67.5,101.4,78.5,66.1,96.4,77.3,64.6,91.7,75.5,36.1,87.6,34.9,85.1,33.9,83.5,81.5,12.8,10.9,10,35.2,103.8,2.4,4.3,33.5,106.9,32.1,109.4,30.8,111.9,29.1,115,31.5,74.2,2.1,1.8,29.9,75.5,28.7,76.6,27.5,77.6,25.9,78.9,66.1,58,58.3,61.2,63.6,66.8,70.5,75.1,76,74.4,69.2,62.8,56.9,8.19,5.15,5.22,5.16,5.23,4.41,3.85,3.92,4.1,5.25,5.14,5.15,4.46,9,3,2,0,0,0,0,0,0,0,0,0,4,1042,225,197,139,85,27,2,0,0,0,14,100,253,5885,250,233,348,409,520,614,777,805,733,596,383,217,1443,7,8,22,44,82,166,312,340,283,145,33,1,11384,212,193,320,500,566,903,2131,2540,2191,1272,465,91,4324,45,58,103,195,216,257,750,1012,959,553,166,10,3.7,3.1,3.7,3.9,4.4,4.5,4.4,4.1,3.7,3.4,3.2,2.8,2.9,13.3,3,3.2,1.8,1,0.3,0.1,0,0,0.2,0.5,1.1,2,26.4,12.2,13.6,6.2,2.5,2.4,1.1,0.4,0.1,1.7,5.2,3.1,9.8,4.3,0.1,0,0,0.2,0,0,0,0,0,0,0,0,6.2,3.2,3,1.7,0.6,0.5,0.3,0.1,0,0.4,1,0.8,2.1,85,87.2,90,94.1,95.3,93.4,94.9,97,100.9,98.1,91.6,81.4,55.7,56.9,59.8,59.6,60.3,70.1,70.4,70.2,69.8,62.9,59.3,55.3,80.4,80.2,81.8,85.3,85,86.2,90.4,92.9,94.5,91.3,84.8,76.4,55.3,56,57.7,58.8,61.8,67.7,69.2,69.8,69.5,62.4,57.5,54.1,75.1,74.2,76.6,79.3,79.9,82,87.3,89.6,90,86.2,79.2,72.1,53.7,55.1,56.7,58.4,63.1,66.5,69.1,69.3,68.1,61.3,56.2,53,70.3,69.6,72,74.3,75.1,79.1,84,85.6,85.3,81,73.9,67.4,53.4,54.2,57,58.4,61.8,65.5,68.5,68.6,67.2,62.3,56.2,52.7,61.4,62,64.3,64.7,68.2,70.9,73.8,74.2,74.2,71.2,63.9,61.7,71.8,73.9,78.2,80.4,82.6,87.6,88.2,90.5,91.7,83.4,75.4,68.6,59.3,59.7,61.7,62.4,65.7,68.9,71.7,72.2,72,68.2,62.2,59.6,67.2,69.9,73.8,77.1,78.6,83.3,85,87.5,87.9,81.1,73.5,66.2,57.7,58.1,60,60.9,64,67.4,70.5,70.9,70.4,66.2,60.6,57.9,66.1,67.7,70.9,74.3,76.1,80.4,83.2,85.2,84.6,77.9,71.2,64.5,56.3,56.6,58.6,59.3,62.4,66,69.2,69.5,69,64.5,59.4,56.3,64.8,65.6,68.1,70.6,72.9,77.5,81.3,82.5,81.8,74.8,68.9,63.1,22,20.1,19.1,18.7,16.3,16,17.7,19,19.8,20.7,22.1,21.4,32,30.2,29.3,30.1,26,22.4,22.5,25,27.4,32.4,32,30.5,13.4,12.8,12,11.6,9.9,8.2,7.7,8.6,9.2,11.6,12.5,14,21,22.2,20.9,22.3,19.5,20,19.8,21.5,22.8,22,22.4,19.6,10.9,10.9,10,9.9,8.4,7.8,7.4,8.2,8.7,9.6,10.6,11.1,0.332,0.342,0.368,0.371,0.37,0.386,0.389,0.373,0.359,0.363,0.317,0.316,2.51,2.492,2.393,2.391,2.428,2.384,2.444,2.475,2.505,2.465,2.593,2.594,279,288,288,291,290,284,283,286,287,276,284,279,27,30,36,38,37,38,36,34,32,31,24,23,1011,1293,1731,2110,2278,2399,2374,2257,1910,1452,1123,916,71,127,93,105,147,141,123,68,73,102,65,68,2.09,N/A,-4.82,2.38,N/A,N/A,N/A,-346,880,441,1.12,N/A,-2.97,1.26,N/A,N/A,N/A,-202,396,193,54,f89aedde80236cc2b1fcb2052d7003e354d40eb4582534b7147c6775c7e47981,;,CA_Title24_2025_CZ08_FULLERTON
,14FSSP3A5PW,14,4,USA,CA,PALMDALE,723820,23182,34.629,-118.084,2524,13.4,-8,NAP,94-19,3B,12,25.3,28,-1.2,5.7,48,2.7,6.9,47.4,32.2,48.2,28.2,48.9,3.6,200,0.573,7,28.6,102.4,65.2,100.1,64.8,98,64,69.9,93.8,68.2,92.7,66.6,91.8,14.1,250,62.7,93.6,80.1,59.1,82.1,80.5,55.6,72.3,81.3,35.3,93.2,33.8,92.5,32.4,91.7,85.1,28.3,25.5,23.4,20.1,107.4,2.9,2,18,108.8,16.3,110,14.7,111.1,12.6,112.6,17,73.1,2.7,4.5,15,76.4,13.4,79,11.8,81.5,9.9,84.8,62.9,46.5,48.6,54.3,59.3,67.3,76.2,83.1,82.1,75.2,63.8,52.8,45.2,14.69,5.79,5.98,6.49,7.42,7.63,6.99,4.83,4.63,6.57,6.43,6.78,5.92,494,138,91,33,11,0,0,0,0,0,2,47,172,2730,575,459,333,200,67,7,0,0,8,100,366,615,5218,28,52,168,288,537,786,1025,995,756,429,132,22,1979,0,0,2,28,139,343,560,530,314,62,1,0,27842,3,16,154,574,1965,4723,7832,7263,4151,1056,103,2,15444,0,1,23,175,902,2639,4718,4352,2260,365,9,0,9.8,7.2,9,10.4,12.3,12.8,12.3,11,10,8.8,8.6,7.4,7.5,7,1.3,1.3,1.1,0.4,0.1,0,0,0.2,0.2,0.2,1,1,15.6,4.7,6.4,5.2,2.5,1.7,0.7,0.5,1.5,2.1,2,5.6,5.3,1.3,0,0,0,0,0,0,0,0,0,0,0,0,3.5,1.3,1.6,1.3,0.6,0.3,0.2,0.1,0.4,0.5,0.5,1.2,1.3,71.4,76.1,83.8,90,98.2,103.9,106.8,105.5,100.4,91.4,81.2,71.1,50.3,51.2,54.7,57.9,63.7,63.6,67.5,68.4,65,59.4,53.2,50.6,66.9,71.6,78.7,84.8,93.2,99.6,103.2,101.8,97.7,87.9,77.1,65.7,47.8,49.3,53.5,55.6,60.9,63.4,65.6,65.4,64.3,58,51.7,48.3,63.7,66.8,74.7,81.1,89.9,96.8,100.3,99.5,95.2,84.1,72.7,62.3,46.6,48.1,52.1,54.5,59.6,62.3,65,65,62.3,56.3,50.5,46.2,59.7,62.5,70.4,76.2,85.6,93.2,97.9,97.1,92.1,80.6,68,57.8,45.3,46.5,50.8,52.8,57.5,61.4,64.3,63.8,61.7,54.9,48.8,45,53.8,54.6,57.6,60.3,66.4,69.6,72.5,72.4,71.2,64,56.7,55,63.4,64.1,75.8,82.9,90.3,93.8,96,96.1,91.3,78.1,72.2,64.1,51.5,51.7,55.4,57.8,63.1,66,69.9,69.4,68.1,60.7,54.1,52.1,60.3,65.6,73,79.2,90,93.8,94,95.1,89,80.2,70.1,60.3,49.6,50,53.7,55.8,60.5,64.1,68.3,67.6,66.1,58.7,52.2,49.5,58.1,63.1,70.6,76.5,85.9,91.9,93,93.9,87.5,78.2,67.7,57.2,47.5,48.4,51.9,54,58.8,62.4,66.7,65.8,64,56.7,50.6,47,57.3,60,67.8,73,82.5,89.4,92,93,85.4,75.7,65.2,55.6,25.1,23.9,25.9,26.6,27.2,29.3,28.6,29.6,30.3,28.8,27.7,24.4,31.7,32.7,33.5,33.9,33.9,33.3,31.7,32,32.8,34.4,34.1,30.8,17,16,15,14.2,13.4,12.5,11.9,12.9,12.8,14.7,16.3,17,23.2,26.1,29.3,29.9,31.8,31.2,27.4,29.4,28.8,28.9,28.2,23.3,13.6,13.6,14.1,13.4,13.1,12.3,11.8,13.4,12,12.5,14.2,14,0.286,0.296,0.314,0.335,0.346,0.345,0.365,0.347,0.334,0.321,0.288,0.284,2.521,2.51,2.447,2.392,2.388,2.401,2.393,2.42,2.453,2.468,2.543,2.548,296,304,305,301,297,296,289,293,294,290,292,290,26,29,34,37,38,38,38,36,33,30,25,24,992,1278,1740,2141,2408,2623,2496,2348,1995,1508,1128,904,75,137,95,97,115,116,105,62,47,84,49,65,N/A,N/A,N/A,N/A,N/A,N/A,N/A,N/A,362,N/A,1.13,N/A,-3.2,1.19,N/A,N/A,N/A,-207,401,191,46,5d5c9baf584ed1764189ca45331d6a011835537244504b6dcee56ea31ffa3ccf,;,CA_Title24_2025_CZ14_PALMDALE
,13FSSP3A5PW,13,4,USA,CA,FRESNO YOSEMITE,723890,93193,36.78,-119.719,333,14.52,-8,NAP,94-19,3B,12,32.5,34.8,22.9,17.4,58.8,26.4,20.6,56.2,18.5,52.7,16.5,52.2,2,90,0.446,7,29.1,103.8,69.6,101.3,68.6,98.8,67.7,73.1,96.9,71.4,94.6,69.9,92.9,8.1,300,65.1,94,84.7,62.8,86.6,83.5,60.8,80.6,81.5,36.8,96.6,35.3,94.7,34,92.8,83.3,18.3,16.4,14.4,29.3,108.2,2.6,1.9,27.5,109.6,26,110.7,24.5,111.8,22.7,113.2,28.1,75.6,2.6,3.6,26.2,78.2,24.7,80.3,23.2,82.4,21.3,85,65.2,48.6,52.2,57.7,62.4,70,77.8,83.8,82.4,77.1,66.5,55.5,47.9,13.8,5,4.92,5.93,7.01,7.11,6.8,5.11,4.68,6.06,6.04,5.87,5.11,246,88,30,7,1,0,0,0,0,0,0,18,102,2138,510,358,235,131,30,2,0,0,2,53,288,529,5807,44,92,247,372,621,834,1048,1004,812,512,183,38,2223,0,0,9,52,186,387,583,539,364,100,3,0,29602,0,4,162,710,2381,5265,8270,7237,4414,1103,56,0,16698,0,0,26,244,1094,3005,5161,4397,2391,375,5,0,5.9,4,4.8,5.8,7.2,8.2,8.4,7.5,6.8,5.9,4.6,3.7,3.8,11,2.1,2,2,0.9,0.4,0.2,0,0,0.2,0.6,1.3,1.5,21.6,8.5,6.1,7.2,4.4,1.7,1.9,0.2,0.2,1.2,2.4,3.5,4.3,6.1,0,0,0,0,0,0,0,0,0,0,0,0,3.9,1.7,1.7,1.6,1,0.5,0.4,0,0,0.4,0.7,1,1,68.3,73.9,83.5,91.7,99.3,105.3,107.4,106.3,102.5,94,79.7,67,53,57.3,60.5,62.8,66.8,69.9,70.7,70.8,68.1,65.5,59.6,55,64,69.2,78.4,86.6,94.6,101.6,104.2,102.7,98.9,88,74.9,63,53.8,56.9,59.9,61.7,65.4,68.4,69.9,69.2,67.3,63.3,58.3,53.3,60.6,65.5,74.6,82.1,90.5,98.1,101.6,100.1,96,84,70.6,60,52.7,54.7,58.2,60.2,63.6,66.8,69.1,67.9,66.5,61.7,57,52,57.7,62.2,70.8,77.4,86.3,94.5,98.8,97.4,92.7,80.4,66.8,57.1,51.8,53.5,57,58.9,62.2,65.8,68.4,67.4,65.6,60.4,55.5,51,58.9,60.5,64.3,66.6,70,74.1,75.4,76.4,72.3,67.9,62.4,58.9,63.2,67.7,77.5,82.9,92.6,98.3,100.3,98.7,94.1,86.1,74.4,63.6,55.9,58.3,62,63.6,67.6,71.7,73.3,72.5,70.2,65.8,60.2,55.9,60,66.2,74.8,81.3,90.4,95.4,98.3,94.7,91.5,83.2,71.1,59.6,54.1,56.4,59.8,61.6,65.5,69.4,71.5,70.5,68.3,63.7,58.5,53.9,58.3,63.6,71.4,78.8,86.6,92,95.4,93.6,90.5,80.5,68.1,57.7,52.2,54.5,57.9,59.7,63.4,67.6,70.1,68.9,66.9,61.9,56.6,51.9,56.7,60.8,68.4,75.3,83.1,90.1,93.6,92.2,89.2,77.4,64.8,55.8,15.8,18.1,21.2,23.3,25.6,28.4,29.1,29.4,27.7,24.5,19.8,16.1,21.3,23.2,27.4,30,30.6,30.9,30,30.8,30.7,29.4,25.9,20.3,12.5,12.2,11.6,10.6,9.9,9.2,9,8.8,9.2,10.5,12.1,11.8,15.8,20.2,24.7,27.3,28.9,29.4,28.3,29.2,28.5,26.5,22.4,13.7,10.1,11.3,11.6,10.4,10,9.6,9.7,9.5,9.2,9.8,11.3,9.1,0.359,0.372,0.395,0.378,0.368,0.364,0.383,0.368,0.371,0.39,0.38,0.371,2.324,2.304,2.239,2.331,2.387,2.399,2.374,2.389,2.391,2.283,2.253,2.266,259,271,275,286,290,290,283,286,279,260,247,243,31,35,41,40,38,37,38,37,35,36,33,30,773,1105,1572,2001,2379,2669,2570,2357,1958,1422,962,705,111,129,136,152,137,98,97,72,60,81,54,98,1.01,N/A,-2.2,N/A,N/A,-1.44,-68,-223,344,205,0.92,N/A,-2.05,0.79,N/A,N/A,N/A,-245,301,95,23,0151c3d9c4461214eda117453a87753187c565f394b963a19a04d0b20a6eea0e,;,CA_Title24_2025_CZ13_FRESNO-YOSEMITE
,05FSSP3A5PW,5,4,USA,CA,SANTA MARIA,723940,23273,34.899,-120.449,242,14.57,-8,NAP,94-19,3C,12,33.6,35.9,21.2,16,55.6,25,19.3,50.7,23.7,58.6,20.5,58.1,2.9,120,0.504,9,20.3,85.1,62.3,80.9,61.8,77.4,61.3,66.5,78.4,65,76.2,63.8,74.2,9.8,310,62.2,84.4,69.8,60.5,79.4,68.5,59.3,76.1,67.3,31.2,78.5,30,76,29.1,74.2,74.8,24.4,20.6,18.3,28.9,95,2.5,4.6,27.1,98.2,25.7,100.9,24.3,103.5,22.5,106.8,26.8,69.4,2.5,2.4,25,71.1,23.6,72.5,22.2,73.9,20.4,75.7,58.4,52.9,53.4,55.4,56.3,58.7,61,63.5,63.9,64.2,61.9,57,52.4,6.2,4.99,5.31,4.86,4.9,3.9,3.4,3.15,3.08,4.26,5.23,5.43,4.85,102,27,22,9,6,0,0,0,0,0,0,7,31,2554,374,327,301,265,203,127,67,58,65,127,248,392,3170,118,116,175,196,268,330,420,432,425,370,216,104,148,0,1,2,5,7,8,22,24,40,32,7,0,1700,30,50,67,112,122,109,135,146,351,427,135,16,482,2,9,13,36,41,33,18,30,114,154,32,0,6.6,5.8,6.6,7.3,8.1,8.4,7.6,6.4,6,5.8,5.9,5.6,5.7,12.6,2.4,2.8,2.3,0.9,0.2,0,0,0,0.2,0.6,1.3,1.9,26.8,11.8,11.6,9.4,3.9,2.4,0.9,0.4,0.9,1.6,2.4,4.7,9.8,3,0,0,0,0,0,0,0,0,0,0,0,0,5.4,2.3,2.7,2,1.1,0.4,0.1,0.1,0.1,0.3,0.6,1.2,1.7,78.2,80.7,81,84.8,85.3,83.3,82.3,83.5,90.4,91.6,84.4,76.2,55.1,59.1,60.1,60.6,61.2,65.3,66.4,65.7,64.8,63.2,60.4,54.3,72.2,73.5,74.4,76.1,76.1,76.2,77.5,77.4,82.6,84.2,77.7,70.8,55,56.9,57.7,58.7,60.6,62.5,64.7,64.8,63.9,60.1,57.4,54.3,67.9,67.9,69.8,70.7,70.9,72.3,74.3,74.4,77.3,78.3,72.6,66.2,54,55.3,56.6,57.9,59,61.2,63.5,63.5,63.5,59.5,56.4,53.6,63.2,63.4,65.5,66.6,67.5,69.7,71.6,72.1,73.4,73.1,68,62.6,53.8,53.9,55.8,56.3,57.8,59.8,62,62.4,62.4,59.2,55.9,53.2,61.3,62.1,63,63.8,65,65.5,68.2,67.8,69.8,67.4,63,61.2,67.4,72.5,75,78.3,78.4,79.7,79,80,82.1,81.5,75,67.1,58.8,59.3,60.3,60.7,61.9,63.4,65.5,65.4,66.4,64.3,60.8,58.8,64.9,67.8,70,72.1,73.6,74.7,76.5,76.1,77.6,75.9,70.3,63.5,57,57.4,58.5,58.9,59.7,61.8,63.9,64,64.3,62.3,59.2,56.9,62.6,65,66.9,69.1,69.4,71.8,73.6,73.9,74.9,73.1,67.7,61.5,55.2,55.4,56.8,57,58.2,60.1,62.3,62.5,62.7,60.4,57.6,55,61.2,61.8,64.1,65.3,66.6,68.7,71,71.4,72.2,70.2,65.9,60.3,22.1,21,21.2,21.6,19.5,18.7,17.7,17.9,20.3,23.1,23.6,22.4,29.6,29.2,28.8,29.2,26.2,23.3,21.3,21,27,32.7,30.9,28.4,16.3,16.1,15.5,15.2,13.3,11.5,10.3,10,12.6,15.2,15.3,16,20.9,22.9,23.1,24.9,22.6,21.7,20.1,20,23.2,25.6,24,19.1,13.3,13.7,13.7,14,11.8,10.9,10,9.7,11.4,13.1,13.3,12.6,0.304,0.32,0.324,0.341,0.352,0.352,0.361,0.347,0.347,0.342,0.304,0.308,2.583,2.543,2.537,2.476,2.465,2.461,2.49,2.497,2.503,2.517,2.599,2.583,289,295,302,299,295,294,290,294,290,283,286,280,24,28,31,35,35,36,34,33,32,29,24,23,945,1219,1669,2087,2343,2447,2326,2151,1846,1411,1065,844,75,126,112,131,140,102,77,79,82,96,58,75,1.13,N/A,N/A,1.85,N/A,N/A,N/A,-385,425,63,1.17,N/A,-2.3,1.35,N/A,N/A,N/A,-301,432,137,27,984a7e82fb0cfe24473da3dfa9d30e1c60ce4e9a71ca605a331b9ad0f0cac3da,;,CA_Title24_2025_CZ05_SANTA-MARIA
,04FSSP3A5PW,4,4,USA,CA,PASO ROBLES,723965,93209,35.67,-120.628,810,14.27,-8,NAP,94-19,3B,12,27.1,29.6,16.2,12.8,49.3,20,15.5,47.8,21.2,54.4,19.1,53.4,1.7,80,0.523,7,37.3,102.3,66.6,99,65.8,95.4,64.6,69.3,95.5,67.7,93.6,66.1,91.3,8.8,210,60,79.5,72.7,57.9,73.8,71.2,56.5,70.1,69.9,33.8,95.7,32.2,93.7,31.1,91.3,81,20.7,18.9,17.4,22.5,108.8,3.6,2.8,19.9,110.8,17.8,112.5,15.8,114,13.3,116.1,21,73.2,3.6,3.3,18.4,75.6,16.3,77.5,14.3,79.4,11.7,81.8,60.6,48.9,50.5,54.2,57.6,63.9,69.8,74.1,74,70.4,62.3,53.6,47.7,10.92,4.91,5.07,5.33,6.11,6.14,6,5.57,5.13,5.7,5.75,5.78,5.12,294,78,52,20,9,0,0,0,0,0,0,29,106,2611,498,407,334,233,97,21,2,1,16,121,344,537,4173,45,65,152,236,430,593,746,742,611,383,137,33,1015,0,0,1,10,62,164,284,279,176,38,1,0,16335,7,16,142,489,1368,2727,3898,3807,2694,1055,131,1,8895,1,0,28,174,648,1521,2297,2265,1491,443,27,0,6.4,4.8,5.3,5.9,7.4,8.6,9,8.1,7.3,6.2,5.2,4.5,4.6,12.4,2.6,2.7,2.2,0.9,0.1,0,0,0,0.2,0.4,1.4,1.9,24.4,12.2,8.8,9,4.5,1.7,0.1,0.3,0.9,1.3,2.4,5.2,6.8,4.8,0,0,0,0,0,0,0,0,0,0,0,0,4.8,2.4,2.6,1.9,1,0.3,0,0.1,0.2,0.3,0.6,1.3,1.5,73.4,76.6,83.7,91.5,98.9,104.2,106.4,106.4,103.1,95.9,83.7,71.4,52.6,57.8,60.7,61.2,65.1,67.4,68.8,69,66.5,63.9,58.3,51.7,68.1,71.3,78,85.1,92.9,99,101.6,101.6,98.6,89.7,77.8,66.1,52.8,56,58.6,60.1,63,65.3,67,66.2,65.1,61.1,57,51.9,63.6,66,73,79.7,87.4,94.4,97.5,97.5,94.2,84.9,72.3,62.6,52.7,54,56.5,58.4,61,64,65.8,65.4,63.7,59.5,55.3,52.1,59.7,61.7,68.4,74.3,81.9,89.5,93.1,92.9,89.5,80,67.2,58.8,51.6,52.5,55.1,56.3,59.5,62.7,64.6,64.2,63,58.4,53.8,51,59.6,60.9,63.5,64.9,67.6,70.8,71.5,71.6,70.6,66.8,61.3,59.5,64.2,70,78.2,83.8,94.2,99.3,101.5,99.7,92.2,86.4,74.5,64.3,56.6,58.1,60.2,61.6,64.7,67.7,69,68.6,67.4,63.7,59.3,56.8,62.1,66.1,74.1,80.3,89.1,93.7,95.8,96.2,90.2,83.4,71.8,60.9,54.7,55.9,58,59.4,62.4,65.5,67.2,66.8,65.4,61.5,57.5,54.5,60,63.4,70.4,77,84.2,90.5,93.6,93.7,90.1,79.2,68,58.7,52.8,53.7,55.8,57.3,60.2,63.4,65.5,65.1,63.6,59.6,55.5,52.1,58.2,60.3,66.2,72.5,79.2,86.7,90.8,90.2,87.1,76.4,64.9,56.9,24.3,23.6,27,30.5,32.7,36.5,37.3,38.2,37.4,34.3,28.9,24.4,32.2,32.8,36.2,40.6,43.1,44.8,44.2,45.1,45.1,43.2,37.9,31,19.1,18.7,18.8,18.6,17.5,16.8,15.6,16.1,17.6,19.1,19.3,18.6,22.6,26.1,31.9,36.4,39.3,40.7,40,41.3,39.8,37.2,30.5,19.8,14.8,15.8,17.4,17.9,16.9,16.8,15.2,16,16.3,17.2,16.7,13.7,0.301,0.314,0.32,0.337,0.354,0.34,0.362,0.339,0.345,0.335,0.308,0.305,2.554,2.524,2.509,2.457,2.418,2.464,2.43,2.474,2.461,2.491,2.54,2.552,288,296,302,300,294,297,290,296,289,283,282,279,25,29,31,35,37,35,36,34,33,29,25,23,895,1178,1641,2068,2408,2608,2478,2273,1924,1427,1031,797,81,129,125,148,121,89,75,59,58,78,54,82,N/A,N/A,-3.67,N/A,N/A,N/A,N/A,N/A,N/A,N/A,0.9,N/A,-1.75,0.97,N/A,N/A,N/A,-266,319,76,29,b4fcc7f5ae599740972b29a95793b641b0b1b334dca4ac2121876afc677f0955,;,CA_Title24_2025_CZ04_PASO-ROBLES
,12FSSP3A5PW,12,4,USA,CA,SACRAMENTO EXECUTIVE,724830,23232,38.507,-121.495,15,14.69,-8,NAP,94-19,3A,12,31.5,34,20.3,15.3,53.2,24.1,18.3,51.3,24.8,54.3,21.2,52,1.1,330,0.463,7,31.8,100.2,69.6,97,68.3,93.7,67.3,72.1,95.1,70.3,92.5,68.7,90,6.9,220,63.6,87.9,83.1,61.5,81.7,79.1,60.1,77.6,76.8,35.7,94.9,34.1,92.8,32.8,90,81,19.9,17.5,15.3,27.6,106.1,2.8,2.5,25.6,107.9,24,109.3,22.4,110.7,20.4,112.5,26.4,74.3,2.8,2.3,24.4,75.9,22.7,77.3,21.2,78.6,19.1,80.3,61.7,47.9,51.3,55.5,59.3,65.7,72,75.7,75,72.1,64,53.9,47.6,11.38,4.65,4.54,5.19,5.99,6.17,6.03,5.16,4.75,5.11,5.25,5.36,5.06,278,95,36,12,3,0,0,0,0,0,0,23,109,2436,530,385,297,190,64,9,0,0,5,81,334,541,4556,30,71,181,282,488,660,796,777,663,435,140,33,1238,0,0,1,20,86,219,331,312,218,50,1,0,15445,0,1,61,364,1276,2836,3973,3611,2550,745,28,0,7894,0,0,3,107,552,1474,2238,1985,1291,243,1,0,6,4.9,5.7,6.2,6.9,7.3,7.4,7.1,6.5,5.5,5.1,4.3,5.1,19.8,3.7,3.5,2.9,1.4,0.8,0.2,0,0,0.1,1.1,2,4,32.8,9.5,10.9,8.7,4.4,3.7,1.5,0.2,0.5,0.5,3.9,4.6,9.8,7.8,0,0,0.1,0.1,0,0,0,0,0,0.2,0.2,0.2,5.5,2.9,2.4,2.5,1,0.9,0.4,0,0.1,0.2,0.9,1.2,2.6,66,71.9,79.6,88.5,96.6,103,104.2,104.1,100.2,92.3,77.7,64.6,52.3,57.3,61.3,63.6,68.1,70.8,71.6,70.2,67.6,64.7,59.6,54.8,61.8,67.4,75.2,82.9,91.2,97.9,99.9,98.9,96,86.1,72.9,61.2,53,55.9,59.4,61.1,66,68.9,70.3,69.2,66.5,62.4,57.9,54,58.9,63.8,71.4,78.2,86.5,93.6,96.1,95.1,92.2,81.9,68.1,58.9,52.5,53.9,57.7,60.3,63.2,67,68.8,67.8,65.3,60.3,56.2,52.8,56.2,60.6,67.4,73,81.4,88.6,92.2,91,88,77.7,64.2,56.6,51.2,52.9,55.9,57.9,61.7,65.8,68.1,66.9,64.4,59.2,54.7,51.3,58.5,60.5,63.9,67.2,70.6,73.3,75.3,75.2,71.6,67.3,62.5,59.1,60.9,66.4,75.9,81.5,91.3,97.6,98.4,97.1,92.6,85.2,73.1,62.3,55.6,58.2,61.3,63.8,67.7,70.8,72.1,71.1,68.5,64.6,60,56.8,58.7,64.3,72.5,78.8,88,93.7,95.6,94.2,89.1,81.6,68.6,59.3,53.6,56.1,59.2,61.6,65.3,68.7,70.3,69.1,66.9,62.6,58.2,54.6,56.4,61.4,68.8,75.4,83.6,90,92.7,91.2,87.6,77.3,65.2,57,52.1,54.1,57,59.4,63,66.8,68.6,67.6,65.4,60.8,56.3,52.5,55.2,58.9,65.4,70.9,78.6,86.4,89.9,88.7,85.6,73.7,62.3,55.3,15.4,17.9,20.7,23.2,26.4,29.7,31.8,31.5,30.2,26.3,20.3,16,20.6,24,27.9,31.7,34.5,36.6,36.4,36.7,36.6,33.4,26.9,19.3,12.6,14,14.5,14.1,13.2,13,13.1,12.6,12,12.5,13.4,11.9,13.8,19.3,24.9,28.7,32.6,34.2,34.5,33.8,32.6,28.6,21.7,11.5,9.4,12.2,13.9,14.2,13.8,13.7,13.8,12.8,11.8,11.6,12.1,8.3,0.324,0.326,0.341,0.356,0.365,0.362,0.363,0.347,0.351,0.345,0.331,0.333,2.503,2.504,2.449,2.399,2.395,2.413,2.407,2.442,2.437,2.463,2.486,2.473,271,286,292,292,290,290,289,292,284,275,266,258,25,28,33,37,37,37,37,35,33,29,25,24,685,1025,1464,1939,2352,2618,2603,2332,1892,1338,857,616,130,128,148,161,138,102,73,73,64,85,60,102,N/A,N/A,N/A,N/A,-0.94,N/A,N/A,N/A,N/A,N/A,0.72,N/A,-1.94,N/A,N/A,N/A,N/A,-209,248,76,48,6fbca441d87f8214f5b1bc57aebccfb50674a2c0ecea48f2a3be52054603749d,;,CA_Title24_2025_CZ12_SACRAMENTO-EXECUTIVE
,03FSSP3A5PW,3,4,USA,CA,OAKLAND INTL,724930,23230,37.7444,-122.2236,8,14.69,-8,NAP,94-19,3C,1,36.9,39.2,20.1,15.1,53,25.8,19.8,51.6,26.5,53.1,23.4,53.3,3.1,50,0.521,9,16.6,83.9,64.4,79.5,63.1,75.4,62.1,66.5,78.6,65,75.8,63.8,73.4,10.7,310,62.7,85.1,69,61.1,80.4,67.9,59.7,76.4,66.8,31.1,78.6,29.9,75.9,29,73.5,73.6,23.5,20,18.2,32.5,93.7,2.4,3.7,30.8,96.4,29.3,98.6,28,100.7,26.2,103.4,30,69.7,2.7,2.2,28,71.3,26.4,72.6,24.9,73.8,22.9,75.4,58.4,50.6,52.7,55.4,57.4,59.9,62.6,63.8,64.6,65,61.9,55.5,50.7,6.6,4.07,4.1,4.13,4.33,4.12,4.12,3.38,3.61,4.52,4.42,4.55,4.45,119,42,18,5,1,0,0,0,0,0,0,9,44,2602,447,344,299,232,171,96,64,50,52,117,287,443,3176,60,94,172,224,308,377,427,453,451,370,173,67,184,0,0,1,6,13,24,26,38,53,22,1,0,1207,0,1,11,53,108,193,125,170,360,178,8,0,346,0,0,1,9,31,63,31,49,120,42,0,0,8.5,6.6,7.9,8.7,9.9,10.4,10.1,10,9.4,8.3,7.1,6.3,6.9,17.9,3.7,2.8,2.8,1.2,0.2,0.1,0,0,0.2,1.3,2.7,2.6,35.5,9.1,7.2,8,5.4,2.4,1.2,0.7,0.9,1.5,8.2,7.9,6.1,7.2,0.3,0.1,0,0,0,0,0,0,0,0,0.1,0,6.9,2.6,2.1,2,1.3,0.4,0.3,0.2,0.2,0.4,1.6,2,1.5,66.5,69.6,75,80.8,84.1,87.9,84.1,86.5,89.9,84.9,74.1,65.6,51.3,57.3,58.2,61.5,63,65.3,66.7,66.2,65.5,62.1,59,53.1,61.7,65,69.7,73.2,75.9,79.3,77.3,78.5,82.9,79,69.3,62.5,53.9,54.8,57.4,58.8,61,63.4,64.6,64.6,64.5,60.4,57.2,53.9,59.1,62.2,65.6,68.3,70.4,73.6,72.8,73.6,77.5,74,65.4,60.1,53.1,53.8,55.8,57.4,59.5,61.6,62.6,63.3,63.2,59.6,56.5,53.9,57.1,59.7,62.9,64.5,66.5,70.2,70.3,71.5,72.9,70.4,63.2,57.9,52.3,53.7,54.9,55.9,57.8,60.5,61.4,62.4,62.4,59.1,56,52.9,58.4,59.8,61.5,63.7,66,68.1,68,67.9,68.4,65.7,62.5,59.8,60.5,63.8,71.5,75.6,78.9,80.7,81.4,81.6,81.8,77,70.1,62,56.4,57.7,59.2,60.5,62.7,64.7,64.9,65.6,66.2,63.5,60.2,57.9,58.8,62.2,65.6,69.3,72.5,76.3,76.1,75.5,78.1,72.9,65.5,60.1,54.8,56.2,57.5,58.9,60.4,62.6,63.2,64.1,64.6,62,58.9,56.1,57.2,60.5,62.9,66.2,68.5,72.7,72.1,73,74.8,70.7,63.4,58.5,53.4,54.6,56.1,57.2,58.7,60.8,61.9,62.6,63.2,60.4,57.4,54.2,55.9,58.5,61.3,63.5,65.8,69.3,69.7,70.3,72,68.1,61.7,56.7,13.2,13.5,14.8,14.9,13.9,15,13.8,14,16.6,17.3,15,13.3,16,17.4,20.6,22,21.7,22.9,18.8,18.9,27.2,25.1,19.2,15,9.5,10.1,11.2,11.4,10.3,10.4,8.7,8.8,11.6,12.1,10.9,9.3,10.8,14.2,16.3,19.1,19.1,20.7,17.8,18.7,22.2,20,14.7,9.4,7.8,9,9.8,10.7,9.7,10,8.5,8.9,10.3,10.4,9.6,7.2,0.324,0.33,0.342,0.36,0.364,0.36,0.369,0.349,0.348,0.34,0.324,0.325,2.549,2.532,2.484,2.401,2.417,2.435,2.413,2.465,2.454,2.521,2.548,2.551,274,287,292,292,291,291,287,292,286,279,272,265,24,28,32,37,37,36,37,34,32,28,24,23,754,1054,1491,1950,2253,2466,2339,2086,1763,1297,892,662,107,128,134,155,145,104,77,88,66,82,57,97,N/A,N/A,N/A,N/A,N/A,N/A,N/A,N/A,N/A,N/A,N/A,N/A,-2.14,N/A,N/A,N/A,N/A,-198,243,N/A,44,c1599fb1b6a8dcfcdfa18c622cca3d10a8d76fbc7e437bfa9342b5ec55bef363,;,CA_Title24_2025_CZ03_OAKLAND-INTL
,02FSSP3A5PW,2,4,USA,CA,SONOMA COUNTY AP,724957,23213,38.504,-122.81,114,14.64,-8,NAP,98-19,3C,12,29.3,31.5,18.9,14.3,57.3,24.3,18.5,51,21.1,55.2,18.2,54.3,1.6,300,0.486,7,29.9,94.9,66.5,91,65.7,87.3,64.5,69,89.9,67.4,87.3,65.9,84.3,8.6,180,61,80.3,74.7,59.3,75.6,72.6,58,72.2,71,33.1,90.5,31.7,87.5,30.6,84.4,86.7,17.1,15,12.6,25.3,101.7,2.3,3.3,23.6,104,22.3,105.9,21,107.7,19.4,110.1,24.4,72.9,2.5,3.6,22.6,75.5,21.1,77.6,19.8,79.6,18,82.2,58.1,47.8,50.3,53.3,56,60.8,65.8,67.4,67.6,66.2,61.1,53,47.5,8.86,4.41,4.86,5.16,5.49,5.02,5.18,4.09,3.86,4.92,5.08,5.27,5.04,319,97,50,25,9,0,0,0,0,0,0,28,110,2901,535,412,364,274,150,48,17,15,39,144,360,543,3279,27,58,126,190,336,475,541,545,487,343,119,32,386,0,0,1,5,20,73,93,95,76,22,1,0,7287,3,11,69,214,572,1421,1464,1447,1401,640,44,1,3069,0,1,11,60,203,633,621,639,659,237,5,0,4.6,3.3,4.5,5,5.5,5.8,5.7,5.4,4.9,4.3,3.9,3.3,3.6,45.4,9.8,8.4,5.4,3,1.9,0.4,0,0.1,0.1,2.2,4.2,10.2,71.9,30,25.3,18.8,9.3,6.9,1.4,0.1,1.2,0.4,6,11.1,23.1,24.8,0.9,0.4,0.2,0.6,0,0,0,0,0,0,0.3,2.4,13.6,6.9,5.7,5.3,2.3,2.1,0.4,0,0.3,0.1,1.5,3.1,6.5,69.2,75.5,81.1,87.1,92.1,98.2,98.7,97.6,98.3,93,79.2,67.8,52.5,58.9,61.8,63.8,65.9,68.2,70.1,67.8,66.7,62.5,60.6,52.4,64,69.3,74.9,80.3,85.6,92.4,91.6,92.2,93.5,86.4,73.8,62.9,52.5,56.2,58.8,61.5,62.9,66.4,67.4,66.6,65.2,60.9,57.5,52.1,60.1,64.7,70.2,74.4,80.5,87.5,86.8,87.2,88.2,81.3,68.7,59.8,51.9,53.1,56.1,58.7,61.6,64.9,66.2,65.7,63.9,59.1,55.7,53.1,56.9,60.5,65.4,69.2,75.3,82.2,82.2,82.2,82.2,75.9,64,57.3,51.4,51.8,54.1,56.2,59.2,63.2,64.8,64.6,62.7,58.1,54.3,52.2,58,60.3,63.6,66.3,68.4,71.1,71.3,70.5,69.8,66,63.3,59.2,62.1,71.3,78.1,82.3,87.5,93.7,94.5,92.5,91.4,82.5,75.6,61.4,55.7,57.8,60.2,62.5,65.1,68.2,68.4,67.9,67.1,63.5,60.3,57.3,59.4,65.8,72.6,77.6,82.5,89.1,89.1,88.5,88.1,80.9,68.5,59.2,54.2,55.5,57.8,59.8,62.5,65.9,66.6,66.2,65.2,61.6,58.2,55.3,57.1,61.4,67.1,72.4,77.7,84.7,85.2,85.1,84.2,75.1,64.4,57.5,52.6,53.7,55.4,57.2,60.1,63.8,65,64.7,63.5,59.7,56.3,53.5,55.6,58.2,62.1,67.3,73.5,80.6,81.9,81.6,80.8,71.7,61.7,55.6,19.7,20.6,22.4,24.1,26.7,29.7,29.9,30,31.6,29.2,23.3,19.3,27.2,29.9,32.3,34.2,36.9,39.5,38.9,40,42.9,40.2,31.6,24.7,16.8,17.3,17.6,17.6,17.5,17,17,16.8,17.5,17.2,17,15.6,18.4,23.8,28.4,30.8,33.2,36,35.4,35.3,36.5,32.5,24,14.3,12.9,14.9,16.5,16.8,17,17,16.2,15.6,16.1,15.4,14.4,10.6,0.319,0.323,0.33,0.349,0.35,0.349,0.352,0.335,0.334,0.32,0.315,0.32,2.556,2.545,2.528,2.437,2.468,2.477,2.468,2.515,2.509,2.591,2.578,2.553,274,288,296,295,295,294,292,295,291,285,274,265,24,27,30,35,35,35,35,32,30,25,23,22,717,1014,1438,1908,2268,2505,2405,2123,1777,1273,854,619,116,139,145,155,142,115,91,80,74,93,65,103,N/A,N/A,N/A,N/A,N/A,N/A,N/A,N/A,212,N/A,N/A,N/A,-2.14,N/A,N/A,N/A,N/A,-187,248,N/A,39,e7b6c4c1c222a9a605ee8e9d8847641770e4c5233abfaedf2136a00a8c75e200,;,CA_Title24_2025_CZ02_SONOMA-COUNTY-AP
,16FSSP3A5PW,16,4,USA,CA,BLUE CANYON,725845,23225,39.277,-120.71,5276,12.1,-8,NAP,94-19,4C,2,21.1,23.6,-6.9,4.6,42.8,-1.6,6.1,42.6,25.6,34.5,22,35.8,5.7,60,0.447,7,12.9,83.8,58.7,81.3,57.8,79.2,56.4,62.5,78.3,60.5,76.8,59,75.3,6.4,270,56.1,81.6,70.8,53.6,74.3,70,51.3,68.3,69.1,30.7,78.3,29.2,76.9,27.9,75.2,80.1,18.8,16.2,13.1,17,87.7,3.2,2.3,14.7,89.3,12.8,90.6,11,91.9,8.7,93.6,14.6,65.5,3.2,3.6,12.3,68.1,10.4,70.2,8.7,72.2,6.4,74.9,51.9,40.5,38.6,41.5,44.5,52.8,62,70.2,69.4,64.2,54.5,44.8,38.9,14.37,8.91,8.97,8.93,9.72,9.83,8.92,5.77,5.64,8.53,9.15,9.38,8.29,1907,315,334,292,224,89,16,0,0,9,63,211,354,5301,760,738,729,616,390,155,21,24,114,339,607,808,2606,20,16,28,58,176,375,626,603,436,201,55,12,522,0,0,0,0,12,64,182,161,91,12,0,0,2362,0,0,0,0,36,294,911,740,352,29,0,0,346,0,0,0,0,1,44,147,110,43,1,0,0,5.5,5.7,6.2,6.3,6,5.4,5.2,4.5,4.6,5.1,5.3,5.4,6.3,70.4,12.2,10.3,9.4,5.2,2.1,0.8,0.1,0.6,1.3,4.3,10.7,11.5,121.7,33.9,37.7,22.2,14.2,5.3,2.7,1,3.7,7,22.3,28.3,41.6,23.5,0.7,0.8,1.7,0.7,0.1,0,0,0,0,0,1,0.4,20.7,8.2,8.2,5.6,3.8,1.5,0.8,0.3,1,1.9,4.6,7,9.1,62.7,62.7,65.5,70.4,78.5,85.2,86.9,86.2,85,78.1,68.7,61.6,42.3,44.1,46.1,50.4,55.9,61.2,60.1,58.5,54.6,52.2,48.4,42.3,58.5,58.6,61.3,66.4,73.6,80.4,83.9,83,80.4,72.8,64.7,57.1,40.7,42.5,45,48.5,54.2,58.1,59.9,57.7,54.8,50.4,46.6,40.2,55.6,55.2,57.9,63,70.4,77.2,81.2,80.7,78,69.7,61,53.8,39.7,40.7,43.4,46.9,52.3,56.7,58.9,56.7,54,49.1,44.5,38.2,52.7,52,54.3,59.2,66.9,74.6,79,78.4,75.5,66.5,57.9,50.7,38.5,38.9,41.6,45,50.4,55.1,57.5,55.6,53.3,47.6,42.9,37.4,46.7,47.2,49.4,53.3,59.4,63.9,65.1,62.8,68.6,55.1,51,46.2,52.6,56.8,60.7,64.7,72.3,80,81.8,80.5,70.8,70,64.4,51.8,44.1,44.5,46.9,50.5,56.2,60.9,62.6,60.3,60,52.9,48.3,43.8,51.3,53.8,57.5,62.9,69.9,76.8,79.4,77.8,72,67.8,60.8,49.1,42.3,42.5,44.9,48.4,54.1,58.6,60.9,58.8,57.1,51.3,46.3,42,50.4,51.5,54.8,60,67.5,74.1,77.8,76.4,72.5,65.9,57.5,47.7,40.8,40.6,43.1,46.3,51.9,56.4,59.4,57.3,55,49.6,44.6,40.3,49.5,49.2,51.9,56.9,65.2,71.9,76.1,74.9,71.9,63.7,54.5,47.2,10.1,10,11.2,12.6,13,13.4,12.9,13.4,13.6,12.5,10.4,9.7,12.7,12.6,14,15.6,15,14.1,13.2,13.5,14,13.6,12.1,12.6,8.7,9,10.5,11,10.6,10.6,9,8.2,8.3,8.4,8.5,8.6,11,11.2,13,14.7,14.7,13.8,12.6,12.9,13.6,12.9,11.5,10,8.4,9,10.1,11,10.8,11,9.2,8.5,9.3,8.7,8.6,8.4,0.276,0.275,0.296,0.306,0.312,0.305,0.307,0.294,0.299,0.285,0.268,0.282,2.528,2.557,2.5,2.486,2.497,2.538,2.541,2.566,2.563,2.602,2.612,2.506,289,305,307,308,306,307,305,308,302,298,292,277,23,26,31,33,34,32,32,30,29,25,21,22,722,992,1400,1850,2255,2623,2617,2355,1892,1323,841,615,110,141,170,189,189,139,111,92,80,101,70,106,1.48,N/A,N/A,N/A,N/A,N/A,-212,-324,198,97,0.79,N/A,-1.98,N/A,N/A,N/A,-58,-175,236,95,26,f03135a739b5274d14325e999a547512af5a96f079cae12521c890d5307bac22,;,CA_Title24_2025_CZ16_BLUE-CANYON
,11FSSP3A5PW,11,4,USA,CA,RED BLUFF,725910,24216,40.152,-122.254,353,14.51,-8,NAP,95-19,3A,12,30.6,33.3,12.1,10.3,56.4,16.5,12.8,56.6,34.5,52.7,30,50.7,4.9,320,0.486,7,30.7,105.1,68.3,101.7,67.3,98.9,66.7,72.5,95,70.8,93.2,69.3,91.6,8.6,150,65.2,94.3,81.6,63.2,88,80.4,61.2,81.8,78.9,36.2,95.6,34.8,93,33.5,91.9,79.3,26,22.1,18.7,25.6,111.2,2.9,2.4,23.5,113,21.7,114.4,20.1,115.8,18,117.5,23.8,75.8,3.3,2,21.4,77.2,19.5,78.4,17.6,79.5,15.2,81,63.5,47.6,50.7,55,59.7,68,77,82.3,80.1,75,64.9,53.7,47.2,13.83,5.28,5.6,6.23,7.15,7.59,7.41,5.28,4.89,6.41,6.39,6.19,5.34,336,109,53,21,6,0,0,0,0,0,0,31,116,2483,539,400,314,191,55,6,0,0,5,81,341,551,5268,35,73,177,296,559,809,1000,934,751,461,143,30,1941,0,0,5,32,149,365,535,469,306,77,3,0,26682,5,14,125,530,2082,4996,7642,6292,3882,1049,65,0,15219,0,0,19,174,976,2883,4787,3813,2169,389,9,0,7.7,7.1,8.8,8.7,8.5,8.3,8.4,6.8,6.4,6.9,7.4,7,7.8,22.6,4.1,3.6,3,1.4,0.8,0.4,0.1,0.2,0.5,1.3,3.3,3.7,49,10.2,8.6,9.2,4.9,3.3,1.6,0.7,1.6,5,5.2,8.4,10.3,7.2,0.2,0,0.6,0,0,0,0,0,0,0,0.4,0,7.6,2.5,2.8,1.9,1.3,0.9,0.5,0.2,0.4,0.9,1.4,2.4,2.5,73.5,76.4,82.6,90.1,99.4,108.4,109.9,108,104.4,94.4,80.9,69.1,52,56,58.5,62.3,66.4,68.5,69.6,69.9,65.7,62.7,57.7,50.7,66.8,70.7,77.4,85.1,94.3,102.8,105.3,103.1,99.4,88.4,74.9,63.3,49.8,53.2,57.1,60.2,64.5,67.1,69,67.4,65,60.4,56.1,49.3,61.4,65.6,73,80.6,90.1,98.5,102,99.7,96.1,84.3,70.2,59.4,49.4,51,55.6,59,63.1,66.1,68,67.2,64,59.1,54.4,49.4,56.8,61.4,68.3,75.3,85.4,94.3,98.9,96.7,92.4,80,65.2,56.5,48.5,50.3,53.7,56.8,61.3,64.8,67.7,66,63.3,57.6,52.6,49.4,56.5,58.5,61.7,65.5,70,74.4,74.5,75.5,71.3,65.3,61.3,57.4,61.2,67.1,74.6,82.2,90.7,95.9,97.1,98.8,91.7,85.7,73.9,60,53.7,56.3,59.3,62.5,67.3,71,72.7,71.6,68.2,63.1,58.8,55,58.3,64.6,72.2,79.6,88.3,92.5,95.9,93.5,89.6,82.7,68.5,57.3,52.2,54.2,57.4,60.4,65.1,68.8,71.1,69.7,66.4,61.4,56.8,53.1,57,61.6,68.6,76.2,85.4,90.5,94.2,91.4,88.9,78.4,65,55.7,50.7,52.3,55.4,58.4,63,67.1,69.7,68.1,64.8,59.6,55,51.1,55.8,59.1,65.6,72,81.7,89.4,92.9,90.2,87.8,75.1,62.3,54.4,17.1,18.4,21,23.2,25.7,27.6,30.7,31.1,30.2,26,20.1,16.5,27.8,27.7,29.6,31.8,33.2,33.1,34.6,35,35.3,33,28.8,23.9,14.8,14.1,14.3,13.6,12.3,11.2,11.1,11.9,12.5,13.5,13.8,13.6,17.9,20.4,25.4,29.1,30.7,30.3,31.1,31.1,31,28,22.3,12.9,11,11.5,13.4,13.5,12,11.4,10.9,11.4,11.6,12.3,11.6,9.1,0.314,0.316,0.336,0.351,0.341,0.349,0.354,0.337,0.339,0.329,0.31,0.314,2.528,2.53,2.478,2.428,2.497,2.478,2.452,2.494,2.48,2.522,2.553,2.527,271,288,292,293,297,293,290,294,287,279,271,262,23,27,31,35,34,34,35,33,31,27,23,22,658,949,1346,1833,2258,2572,2608,2320,1855,1262,774,557,121,135,169,184,161,140,82,80,75,108,81,111,1.06,N/A,-2.29,N/A,N/A,N/A,-74,-257,364,202,0.67,N/A,N/A,N/A,N/A,N/A,N/A,N/A,209,49,23,1255ed6a6fb506bc90d15755126916afe6211e40e9ae872f83fc2d6f69508b76,;,CA_Title24_2025_CZ11_RED-BLUFF
,01FSSP3A5PW,1,4,USA,CA,CALIFORNIA REDWOOD COAST,725945,24283,40.978,-124.109,200,14.59,-8,NAP,94-19,4C,12,31.4,33.6,26,20.1,41.5,29.1,23.3,38.9,24.6,54.4,21.2,53.3,3.5,90,0.555,8,11.4,70.9,59.4,67.9,59.3,65.7,58.4,62.4,67.1,61.1,65.6,60,63.9,9.7,340,60.7,80,63.7,59.2,75.6,62.3,58.1,72.7,61.3,28.1,67.6,27.1,65.5,26.4,64,68.9,20.2,18.3,16.4,27.9,81.9,2.1,5,26.4,85.5,25.2,88.5,24,91.3,22.5,95,27.2,65.1,2.2,1.8,25.6,66.4,24.3,67.4,23,68.4,21.4,69.7,52.1,48.2,48,48.6,49.7,52.4,55.1,57,57.4,56.3,53.7,50.5,47.7,5.53,5.29,5,4.2,3.93,3.64,2.89,2.65,2.73,3.83,4.52,5.06,5.46,515,98,90,78,51,15,1,0,0,1,14,55,112,4725,521,477,510,460,390,298,249,235,261,351,436,537,1268,42,33,33,41,90,153,216,231,191,129,69,40,3,0,0,0,0,1,0,0,0,1,1,0,0,62,0,0,0,3,10,4,3,3,19,19,1,0,13,0,0,0,0,3,0,0,1,4,5,0,0,6.1,6.1,6.5,6.9,6.9,6.8,6.8,5.8,5.2,4.9,5,5.5,6.4,46.4,7.9,5.7,6.5,4,1.9,0.9,0.2,0.2,0.7,2.7,5.7,10.2,74.1,16.3,15.1,14.1,12.4,5.1,3.5,0.9,0.7,3.9,11.5,16,24.2,21.7,1.9,0.7,2.1,1.3,0,0,0,0,0,0,1.2,1.1,11.9,4.2,3.3,3.5,2.5,1.5,0.9,0.2,0.2,0.9,2.5,3.3,5.6,66.1,66.4,65.6,69.7,72.8,70.4,70.2,71.3,76.5,75.1,69,65,54,55.1,54.5,56.4,60.3,60.2,60.7,61.2,61.8,58,56.8,54.1,61.6,61.7,61.1,62.2,63.8,64.9,66.1,67.8,69.5,68.4,63.6,61.4,53.6,53.3,53.4,55.3,58.4,57.9,59.9,61,60.4,57.7,56.2,54.1,58.8,58.5,58.2,58.6,60.8,62.9,63.9,65.5,66.3,64.4,61,58.8,53.2,52.9,52.9,53.4,55.9,57.4,58.8,60,59.4,56.8,55.1,53.6,56.6,55.9,56,56.5,58.7,61,62.4,63.3,63.9,61.8,58.5,56.6,52.4,51.4,51.6,52.2,54.5,56.3,58.1,59,58.4,56.2,54.4,52.6,58.4,58.6,57.8,59.1,63.8,61.5,62.8,63.8,64.1,62.5,60.4,58.5,60.8,62.8,61.1,64.7,67.6,67.5,66.4,67.6,71.2,67.9,63.9,60.9,56.3,56.1,55.3,56.1,58.9,59.5,60.9,62,62,60.3,58.5,56.8,59.1,59.3,58.9,60.4,63.3,63.4,64.8,66.1,67.4,64.9,61.4,59.2,54.6,54,53.7,54.4,56.7,58.2,59.5,60.5,60.4,58.7,56.8,54.9,57.4,56.9,56.7,57.5,60.1,61.7,63,64.2,64.9,62.9,59.5,57.5,53.1,52.1,52.3,53,55,57,58.4,59.3,59.1,57,55,53.3,55.7,55,55.2,55.8,58,60.2,61.7,62.7,63,60.8,57.6,55.8,14.3,14.2,13.9,13.4,12.2,12.5,10.5,11.4,14.6,16.3,14.6,14.4,16.9,17.6,16.8,16.7,16.3,15.9,13.4,16,19.6,21.2,16.5,16.4,10.7,10.9,11,10.9,10.5,10,8.1,9.7,11.3,12.2,10.3,10.9,13,14.2,14.4,14.7,14.4,13.8,12.3,13.9,16.9,17.8,13.3,11.8,9.4,9.8,10.4,10.2,9.8,9.1,7.7,8.8,10.4,11.4,9.3,9.3,0.323,0.328,0.333,0.355,0.361,0.352,0.364,0.353,0.342,0.336,0.317,0.325,2.544,2.535,2.544,2.442,2.467,2.502,2.473,2.51,2.514,2.562,2.59,2.536,266,282,292,291,290,292,287,288,285,275,266,254,23,27,29,35,35,34,34,32,30,26,22,22,591,852,1234,1693,2079,2318,2290,1978,1624,1104,676,489,93,122,128,155,133,135,111,102,86,96,75,91,N/A,N/A,N/A,N/A,N/A,N/A,N/A,N/A,N/A,N/A,N/A,N/A,N/A,0.95,N/A,N/A,N/A,N/A,202,25,15,6fe9190aeb3d7ce4556a0cb6261a5a1cee5bcbd3627844968235a85601b26e14,;,CA_Title24_2025_CZ01_ARCATA
ENDTABLE,,,,,,,,,,,,,,,,,,,,,,,,,,,,,,,,,,,,,,,,,,,,,,,,,,,,,,,,,,,,,,,,,,,,,,,,,,,,,,,,,,,,,,,,,,,,,,,,,,,,,,,,,,,,,,,,,,,,,,,,,,,,,,,,,,,,,,,,,,,,,,,,,,,,,,,,,,,,,,,,,,,,,,,,,,,,,,,,,,,,,,,,,,,,,,,,,,,,,,,,,,,,,,,,,,,,,,,,,,,,,,,,,,,,,,,,,,,,,,,,,,,,,,,,,,,,,,,,,,,,,,,,,,,,,,,,,,,,,,,,,,,,,,,,,,,,,,,,,,,,,,,,,,,,,,,,,,,,,,,,,,,,,,,,,,,,,,,,,,,,,,,,,,,,,,,,,,,,,,,,,,,,,,,,,,,,,,,,,,,,,,,,,,,,,,,,,,,,,,,,,,,,,,,,,,,,,,,,,,,,,,,,,,,,,,,,,,,,,,,,,,,,,,,,,,,,,,,,,,,,,,,,,,,,,,,,,,,,,,,,,,,,,,,,,,,,,,,,,,,,,,,,,,,,,,,,,,,,,,,,,,,,,,,,,,,,,,,,,,,,,,,,,,,,,,,,,,,,,,,,,,,,,,,,,,,,,,,,,,,,,,,,,,,,,,,,,,,,,,,,,,,,,,,,
